60.37534,35.193634
54.7514,0.30584288
71.25801,40.054066
66.44348,2.9391787
58.22471,40.576435
59.970345,37.61911
17.068022,78.49319
71.31695,40.143238
49.111294,28.245008
73.0469,37.77677
51.258602,34.287518
65.229645,60.050407
71.719475,41.85483
43.44023,24.062117
38.1146,33.04312
79.075615,64.07398
44.47522,39.12946
70.34946,0.089905545
57.12385,60.348537
58.696762,36.867203
66.193954,75.448204
18.98281,42.011127
85.69586,50.88397
60.775764,96.53492
49.91287,39.03266
10.598024,73.020996
87.797165,46.569485
76.49748,64.48936
46.523487,27.319664
66.655785,101.4902
60.077736,37.246265
59.462646,70.666565
43.56364,32.291534
75.10896,74.87705
28.742281,46.1481
56.193497,101.905365
53.14456,-0.15760563
72.42684,36.715733
58.633724,36.825294
70.83009,38.254925
78.83901,101.72968
74.610916,53.881657
76.90047,69.562355
72.53085,19.072227
73.9246,20.725769
30.592188,68.5911
58.150005,101.99385
53.31394,1.4107798
58.6436,36.910725
47.376305,84.79537
61.245243,1.5347658
18.187267,60.103703
55.963642,101.58385
50.96981,53.35072
44.302765,15.287383
54.939693,87.84252
60.106133,47.71546
27.027023,2.4020174
66.28831,101.69037
32.66832,19.89671
67.42916,50.70762
51.628674,77.86007
30.31013,67.21227
40.98642,60.32576
56.117092,48.928486
40.90794,23.33686
43.98575,53.035027
53.307106,85.01526
81.57701,62.86987
50.40105,69.582405
47.353024,54.04036
25.183922,55.384624
64.21322,83.66901
18.56088,76.374084
54.992855,37.035107
77.59465,51.412544
17.179205,69.048004
80.53222,49.667618
60.461548,-0.1615945
16.471968,101.39875
48.16002,34.67926
67.06591,22.735315
58.49089,73.49574
47.281345,30.019806
50.059002,23.2776
51.3912,62.92145
38.215126,26.088976
47.464775,58.24357
39.72557,27.613037
70.138,70.19657
48.14894,-0.20427763
65.93214,2.5465584
52.65077,73.89744
58.38777,73.28231
37.928486,19.087315
59.657677,101.61722
66.67453,17.307049
71.16056,36.94702
49.90372,43.814278
64.796646,76.58855
40.908085,34.01509
84.50185,65.26033
58.515137,44.53976
73.684,53.358704
80.268166,78.30318
54.18787,64.813644
48.35609,12.423756
30.865864,68.473206
39.673798,38.725597
49.08248,60.51366
62.9574,29.627836
49.14837,-0.2966265
37.161835,62.427906
41.68408,39.770573
90.596954,87.680954
55.836723,37.793163
44.135895,14.655675
82.70751,91.89552
63.78704,62.876595
59.024757,84.619896
42.939144,8.172533
48.938213,-0.19565582
23.402983,72.52591
85.34779,43.45213
61.169704,54.15457
60.40284,37.089245
54.678726,70.02852
75.26878,29.156517
50.465336,69.39182
45.939777,56.297173
75.79147,30.1565
50.70451,19.906944
50.34127,69.51322
74.83895,35.698708
52.908016,54.659813
55.776817,39.110085
51.105434,50.540363
54.462975,19.76024
47.316452,59.915283
75.85532,28.60561
80.8373,26.603422
60.918415,78.52871
26.119595,71.18272
27.403385,56.078983
54.774296,-0.28195763
37.504147,55.382183
48.14066,57.416904
49.860245,39.18015
56.239235,-0.1667741
62.66676,62.26956
43.951942,-0.24962877
24.740433,76.27719
70.70304,68.16257
50.66049,59.76554
29.62326,59.2611
59.62502,37.868107
58.22358,40.548786
37.24934,62.496643
63.55824,91.403175
77.46353,34.453484
22.686308,42.567886
75.83413,20.55209
29.471922,64.03204
58.292187,40.685066
41.083626,23.203512
47.489784,54.027946
33.316517,54.009438
69.51449,87.906906
74.40522,91.336296
44.086075,13.36604
51.849083,77.62745
73.521164,55.16746
18.836248,71.14759
55.540047,83.30782
78.99284,57.220493
51.44581,62.720345
57.706173,4.0021977
63.647514,91.40616
37.986267,26.149252
77.804436,47.9316
43.581078,24.026434
48.486496,5.1380944
84.71226,40.369694
90.253716,-0.4629964
56.9639,-0.19298038
44.02821,12.945004
60.48076,96.54623
54.123272,-0.16820428
64.50757,52.51405
76.15432,31.467157
32.66285,7.039168
43.907055,-0.017290184
64.05738,58.98258
59.856453,94.35381
45.906403,62.40318
59.46554,92.39614
58.21496,40.58349
58.107716,2.2395768
27.57681,25.998693
51.89036,82.60379
33.815685,70.227135
40.32766,54.93009
62.106853,87.034966
50.12796,4.684549
32.558357,60.525024
58.264244,76.23257
81.592224,79.3309
34.974297,44.01108
55.100895,57.66805
53.27471,0.12868968
52.2982,101.579834
23.74807,101.535385
47.368725,12.719358
76.8641,30.274837
58.284107,101.98943
81.45127,72.42735
50.349594,81.2466
53.731415,42.75492
67.438324,50.653378
59.15824,61.62471
27.696737,33.02774
56.666183,3.436658
20.817577,76.933685
71.13976,27.179745
78.41379,88.460945
48.036568,34.69206
53.07179,-0.15491253
55.077106,88.077644
26.662014,5.468381
52.901814,32.41955
59.14597,70.42324
32.653507,69.11318
54.806664,88.32131
28.03911,101.78321
42.91648,61.64336
54.312584,24.86379
74.72208,70.73484
40.307354,54.936424
91.000595,36.790066
62.027023,0.48191437
79.78959,62.270004
49.774128,54.91091
45.053173,44.113796
43.6337,-0.3183531
33.053555,54.021843
98.23415,7.3422422
45.71252,-0.51918447
72.34498,33.175766
53.478935,16.860386
59.816383,41.57973
42.814144,61.634876
53.823563,20.9005
50.316086,39.7769
44.368225,12.306315
45.916325,56.24109
75.734474,16.700573
67.25762,83.21982
50.65784,69.18049
65.21026,60.343582
68.64224,3.972623
63.074955,71.40036
59.726315,41.45426
48.996746,28.29201
39.23935,55.798637
59.766815,41.587257
43.749218,28.218737
29.467974,34.148018
41.508163,28.79118
59.68164,70.75435
40.240173,48.79721
50.44505,69.560585
89.185585,22.841936
66.469444,-0.2435313
15.311676,75.70085
76.01993,28.85093
22.664003,36.670815
71.6581,39.4137
50.48276,69.53425
71.231094,40.0197
26.640388,45.212955
54.91489,61.055325
78.21506,83.41537
60.285557,37.225216
72.2799,38.333614
20.144072,82.270515
36.81091,70.65833
61.44807,55.17728
75.11468,84.819695
71.25048,39.94626
75.123665,51.71426
33.65154,44.367607
62.607677,63.723347
59.735817,0.15165508
62.57387,63.835247
55.825436,37.787476
59.87829,34.21773
74.705826,54.0358
32.184727,25.95105
40.785618,44.838768
20.041185,48.913185
32.164284,34.539043
52.858177,74.882614
73.96724,33.50141
62.383408,75.313126
59.759693,68.84539
44.977543,24.403013
51.94882,5.33176
58.868225,101.46818
64.99875,53.58671
34.189415,70.52846
26.579668,80.175705
78.06513,47.408478
64.630196,52.54908
46.886433,60.766506
71.28093,39.221313
32.00128,31.671305
58.693184,36.813038
68.362976,93.06423
55.290813,-0.3259818
31.81538,34.744953
59.930748,-0.21064854
66.251724,56.65995
36.32911,53.658215
54.937622,87.75262
44.203064,5.4579687
63.084164,17.391235
64.489624,52.602036
71.282524,40.009243
47.22412,53.830975
71.00998,34.504
45.69923,21.527864
49.939976,-0.49695706
45.863354,62.491817
65.18913,54.777943
72.18064,30.847569
55.62412,-0.73217267
58.28123,57.217857
59.660538,37.912548
37.669968,40.781326
24.369331,67.548904
41.737965,39.683914
48.580563,19.42318
49.522858,31.948698
47.19559,54.140526
46.869625,46.868572
31.561169,36.208397
62.6979,2.5747457
52.841,1.4862902
20.40873,73.02748
77.858795,48.091625
73.88528,33.858013
50.985172,61.800404
58.65489,59.711388
91.86501,56.814358
52.676647,78.57056
51.776054,77.70168
55.601566,0.07328082
90.10868,62.12653
69.97418,69.96704
50.918064,92.64579
47.480217,25.511229
66.77295,101.41681
10.891077,60.11451
50.688004,101.510925
61.721737,33.674072
70.198524,65.13969
59.656906,37.91916
40.006783,27.560041
30.088018,23.857265
24.501545,30.757055
54.912704,36.940685
40.70572,44.870964
71.22761,40.035313
51.515938,6.283775
23.277956,45.525776
79.87017,61.035603
37.2307,19.943306
52.976048,32.44114
25.47168,67.61974
50.48454,69.49983
48.265327,34.54236
51.75105,82.81715
54.651417,70.04777
74.726166,92.96993
44.334805,14.457719
29.669939,34.150703
31.310564,41.726208
58.65167,36.941048
47.570698,6.7174735
54.916737,37.122963
14.921756,94.77675
60.807583,34.20152
23.256672,35.566753
56.218052,89.743164
53.669376,42.731094
50.890095,4.6094775
50.704723,59.650997
46.000076,62.23658
55.547543,83.227356
60.847416,54.014084
19.23756,38.68815
73.96387,54.059032
35.223938,20.751295
35.949715,68.963745
64.58502,67.83737
53.606697,42.67205
74.63013,53.86439
50.88839,53.454544
57.170288,64.59495
79.23314,54.57902
54.51034,45.41806
55.743443,37.731216
50.54122,69.54561
15.840322,101.56754
71.47609,37.338387
26.995565,101.74696
49.378647,44.39934
49.679115,52.317898
59.75751,63.375988
58.22859,40.619755
70.85337,46.229507
43.679672,-0.48720023
54.84232,87.61745
49.12212,-0.0871144
79.79648,61.04533
44.17697,2.6235926
38.742287,52.78818
84.83811,53.429855
53.429363,85.08207
32.01233,19.287643
52.14786,16.87697
67.85423,93.120415
59.645393,37.926228
36.894627,30.729843
58.732197,59.662148
74.85217,74.73259
52.63193,25.465927
15.07337,102.03147
70.84632,101.369354
71.23805,40.00849
81.3061,97.34707
51.92274,82.539345
31.385374,66.16322
36.861004,20.160212
76.35724,23.352087
48.86715,4.651442
49.158993,44.635334
45.89802,62.326324
48.285583,57.38512
44.37454,30.641165
12.308183,87.01562
56.443275,0.08971477
60.44683,34.39511
54.309998,62.506714
31.96622,31.712934
52.669758,5.5110707
32.20584,22.448874
70.45023,33.257202
54.95471,61.129063
66.708664,74.68097
62.08528,69.380844
34.692028,10.928114
49.28761,41.086277
34.950798,20.790947
82.663734,91.903656
40.293095,54.83142
61.719406,31.207098
44.991207,44.30399
62.05777,3.943969
50.656784,18.931322
57.44082,26.27561
77.40743,19.643013
54.18384,20.724274
37.93964,26.151392
66.898766,101.4954
44.02831,15.894141
55.095634,57.64626
38.755882,52.730453
31.613674,63.458454
72.418594,30.257587
64.891846,76.63124
79.10944,64.263275
51.831367,77.847565
59.13805,70.38738
33.024334,41.41527
55.74627,56.752995
58.787827,84.72737
71.27972,40.074898
30.41149,23.788816
56.993782,67.914566
51.322235,63.03477
64.504585,52.449863
16.196884,60.270096
38.274944,42.513367
50.54586,69.61501
45.087723,46.38303
54.20937,31.284273
32.651615,20.164371
59.87019,35.092712
45.849636,21.52138
42.819134,61.869183
66.992065,-0.5849917
62.870487,60.971905
55.467888,83.24091
53.592785,52.81063
56.10667,45.448997
49.941692,39.235653
72.37084,35.686035
42.59022,59.889004
44.53975,18.289316
77.47134,34.174225
67.70797,92.54907
46.878033,11.984163
32.590717,65.62623
39.122284,18.237272
33.412594,70.39181
53.9998,37.138657
56.335545,58.406693
78.363625,83.22632
69.42353,66.46899
56.652756,18.03691
77.46838,80.40156
50.576855,69.48899
51.74193,82.569756
34.65005,38.76126
86.30359,40.33626
46.48738,27.339176
42.601383,61.86217
67.609314,83.072365
56.12235,45.375896
37.488106,55.217976
67.33416,102.00357
33.728214,70.484116
59.76739,41.498177
44.591496,18.124279
74.65706,70.74079
95.24383,18.26345
44.297718,14.255331
37.16249,62.462822
50.919468,101.546364
70.99645,61.137676
77.51539,51.484955
49.429733,31.928541
38.247604,32.967228
57.602005,84.82212
52.542908,74.11612
61.007652,72.13076
49.89421,33.42548
70.69451,28.888905
45.60558,26.472597
79.500755,81.400696
62.68425,63.620636
49.529984,55.249344
39.547386,24.869532
17.878143,56.976627
80.88751,19.685297
72.922424,62.952908
47.12794,50.19091
52.626266,78.67095
53.08148,32.441856
49.158596,60.18383
83.214836,6.011623
59.72161,37.902973
35.756042,40.33336
101.428345,21.627989
36.4805,49.004704
52.299717,76.209
58.82037,52.78154
62.9837,51.130867
58.88677,36.41305
56.091263,89.594345
73.76987,68.89505
53.508713,71.34886
41.99188,35.821407
32.301693,0.13107643
55.746475,29.483631
63.456608,65.4022
58.59649,59.588303
41.947765,35.884953
59.64635,37.923016
38.35982,25.884607
77.78498,9.926715
49.354725,44.53572
49.273174,40.933464
53.309986,-0.060015816
37.271606,62.37291
84.95586,17.111015
70.91287,46.138943
41.63579,39.87272
37.92992,19.081877
51.759274,82.62768
54.79968,87.87008
58.925735,36.229927
33.676636,70.39052
73.79052,68.79853
54.84972,87.90081
78.8237,101.4168
29.3133,68.000824
52.601234,74.013306
78.943,57.169643
67.4235,83.10007
52.71211,47.245304
51.21418,5.8087482
70.8772,100.90357
30.822899,23.50091
50.032703,38.99868
41.60794,28.711351
78.66079,73.96775
21.51218,44.263737
98.7229,29.054564
70.30333,65.15069
23.813484,75.82072
43.743397,-0.4007962
65.136444,60.35905
83.812775,-0.45268813
53.273937,32.0655
50.580143,64.996506
46.586002,6.5740075
45.80706,41.441475
55.92117,39.298847
43.922577,51.49225
77.61143,63.264877
30.579178,68.656364
51.637657,82.865685
67.26285,5.724147
71.31083,40.021748
64.374596,83.72754
43.5076,25.307346
54.807873,37.472317
75.62986,61.720142
44.57907,30.64271
67.04941,88.53914
51.55919,89.11029
63.896088,18.707932
54.837715,87.809105
59.721485,82.65047
57.21651,6.08842
76.49346,19.978088
65.25568,58.358776
59.132824,100.41934
43.884212,5.7663727
69.084114,87.96633
55.13177,77.1739
50.584892,65.1542
75.007195,84.91199
43.704723,0.29131165
43.397453,9.757652
80.08828,87.53782
66.88188,101.69047
84.12494,77.14252
44.110302,5.3810678
51.64962,7.2120953
33.498966,0.10563372
52.40668,6.1075797
43.801735,-0.24233359
41.924366,35.827896
43.739872,0.13821954
45.843853,62.33974
51.304474,59.249424
63.139275,71.46551
76.54428,76.32656
57.816406,27.790468
67.44426,50.75076
51.25984,50.454895
26.565046,43.49363
12.1610155,63.20614
43.747086,-0.028323459
65.124374,54.822674
44.539368,13.170301
75.7185,61.54516
16.41888,60.824413
86.92351,37.232857
46.242355,40.497623
66.61381,47.586025
32.746464,7.277461
75.08178,74.8527
84.13747,77.53534
59.576508,70.74966
71.6925,37.126072
59.343952,95.709305
42.869274,61.73863
31.941545,26.08992
20.448574,101.24601
58.257305,40.464233
80.39691,48.848946
74.14457,20.669273
71.34917,39.411976
60.44568,34.472248
50.40028,69.63548
43.750618,-0.17675194
50.14003,43.77669
87.52233,7.848402
58.500935,14.640909
53.86292,79.82277
48.169594,10.253612
32.247543,31.641294
62.386604,73.623535
43.030987,61.577656
53.553623,-0.3556283
20.365456,81.27905
101.5237,13.603361
39.62665,0.18355086
64.56417,67.76099
78.84664,101.5009
73.51081,55.37285
70.13225,-0.0059001483
54.34101,16.63445
79.17964,56.06889
63.33252,28.525623
72.55523,25.234241
25.759428,40.069004
60.023075,-0.028655801
16.362082,58.14235
52.848423,73.719864
50.054108,33.391373
75.92229,30.97198
31.92826,25.961142
59.951637,51.49697
71.80675,41.947544
39.592064,38.79622
34.789215,38.92286
72.41926,25.279882
71.23199,40.03734
81.14364,70.12345
54.17863,68.37112
56.77228,29.045069
44.32972,12.555102
26.535316,43.522423
47.179592,46.66799
59.031685,101.685295
71.0744,30.153019
81.92019,13.033869
50.001972,39.118675
59.388744,3.6725054
70.67598,101.56484
25.664635,27.485943
56.837315,27.836819
54.12307,68.281105
44.13257,12.899617
58.21555,40.70393
45.029762,100.239235
15.346014,55.07018
54.27959,31.196465
33.39041,39.834656
59.7765,37.786057
39.55831,25.03634
51.89273,82.76244
37.313698,62.340893
49.44375,55.35026
87.4116,47.249786
63.584015,91.073494
62.156475,30.990505
14.905425,45.048172
53.440403,35.688
72.413574,34.44128
61.49086,31.808752
52.866924,54.570316
50.66241,59.83005
71.80089,41.881596
98.75667,31.735638
51.692142,82.82003
59.825172,24.897215
50.525406,69.558304
46.08662,56.10593
54.84201,57.845158
42.567066,59.87003
71.04383,76.85163
86.35935,12.135794
70.776024,68.03259
61.729393,33.23176
50.597015,69.63504
65.19207,60.388954
54.179268,31.55951
31.747135,63.459763
71.32892,39.90618
77.190475,28.015615
47.281208,29.986576
64.921165,50.044315
89.95717,19.99837
35.03541,5.3129487
49.387867,40.992737
47.236595,53.924248
58.471752,101.14912
43.24057,32.69821
59.813377,41.68273
57.802624,75.176994
55.910267,39.118717
32.771786,60.66785
28.77256,43.711426
51.918774,77.65283
53.778378,80.07115
56.073147,89.52989
54.32654,6.5098195
56.393436,14.405556
73.624016,64.87009
18.376698,71.39191
62.54225,63.54105
51.719593,77.88823
47.33736,29.999949
38.25782,58.97113
59.798138,15.006351
36.596447,49.01912
34.92621,56.267895
43.539104,24.128923
68.71513,52.79718
71.74405,41.77879
26.156433,43.365383
59.779625,63.2247
52.849285,78.527596
49.23414,28.165194
21.607653,61.18279
57.566715,84.350876
51.061462,3.369022
43.62588,-0.11990286
72.326096,31.347483
63.51615,22.163269
82.56021,91.93241
49.891293,82.96264
64.65002,76.506424
43.586628,32.476566
64.823975,28.19308
17.101429,46.77402
59.95132,80.73055
45.92157,21.552961
59.704636,41.502758
70.23201,0.22530107
44.647224,12.85443
62.56792,63.77377
75.5805,49.098007
39.35344,0.72297764
14.893764,81.9461
77.40809,51.236397
49.095142,28.19611
32.57031,69.29601
65.61031,101.3849
58.67767,36.947304
73.51848,55.426968
67.42668,50.710148
53.01747,32.421974
59.727314,68.903
58.402504,100.89144
47.196053,50.15502
43.931175,53.221615
50.434765,11.313901
78.38368,0.42122567
55.103584,77.16039
53.67317,80.09867
38.129,57.37236
13.18239,73.4043
43.95362,-0.27586576
16.788424,78.36744
62.99409,60.965923
56.646114,56.17536
44.73835,18.158743
101.60051,31.624445
