67.128105,34.329796
58.654778,2.534135
68.656906,38.43393
66.04769,9.645036
66.27783,37.0703
66.13316,37.140736
36.21044,81.93796
70.72917,39.57228
44.916206,23.782446
77.601265,38.338093
44.730564,24.727978
62.6859,59.85835
70.848526,39.517998
40.28705,22.832483
27.147036,32.489944
86.82538,66.76564
34.653225,34.01085
67.60704,2.1644163
57.35544,56.94817
66.2987,37.066864
59.909813,73.09657
16.53328,33.96391
85.59001,46.66483
58.31229,96.618034
45.604813,26.2994
16.014753,71.43657
85.93632,44.29995
84.6815,61.923252
44.457165,24.687407
59.341328,96.37895
66.276505,37.17236
57.81025,71.84194
42.80093,25.07524
64.6802,66.629036
25.575796,48.542053
48.847176,93.65171
58.56805,2.8759742
71.59671,37.931007
66.25567,37.09989
66.65201,35.948494
79.430954,95.97036
64.075676,58.07329
85.693695,65.84799
69.10383,15.775225
70.71253,18.558634
35.5295,76.24679
55.64017,94.489204
58.706146,1.518384
66.258064,37.162228
41.869358,88.40371
66.09524,5.655055
31.678974,59.779045
52.846153,94.70304
51.74581,53.547863
40.085556,22.875723
52.964466,86.48859
55.5377,53.276684
9.087055,21.663788
58.431606,96.50233
14.57936,22.794647
61.054043,58.020233
42.70114,76.633675
33.594986,68.89094
43.21625,58.07895
52.890953,52.569107
41.10864,22.882858
43.329407,56.381218
45.011585,89.69887
84.97596,62.23233
48.45695,68.04189
46.956867,55.025593
30.009783,55.692806
59.500156,90.76498
35.477486,76.32086
66.11051,36.909725
84.17765,45.603592
32.822437,63.2889
84.52685,46.24138
67.59148,1.9762049
34.61468,97.25798
45.146248,25.63556
70.77322,18.716198
57.106308,70.55413
44.319683,24.636812
54.414642,18.552494
50.46747,60.00134
34.645607,24.106943
47.563942,58.44044
34.81002,24.241562
62.9314,65.21399
58.752735,2.0723093
66.55669,4.9217415
49.267223,69.761475
57.69381,71.75524
37.841328,23.630686
56.29769,96.61398
69.38839,12.833865
67.83022,33.078953
52.903408,52.60315
59.903164,73.15357
27.288082,32.653305
89.03856,66.990234
55.332676,53.108467
61.170914,58.113697
91.83342,70.4642
53.971706,62.504154
52.050064,17.783579
34.67602,72.49512
27.328812,32.738735
49.91838,59.704063
70.34068,28.274721
58.6071,2.197781
42.945045,65.29859
30.597797,32.489372
92.952805,89.56309
66.14453,36.996387
46.403763,19.561396
81.1701,94.36252
63.169777,63.404476
53.000618,85.715546
48.551132,17.64578
58.73727,1.9711916
35.368496,75.33682
81.200165,39.48566
58.58873,56.63333
66.201324,37.40436
49.349613,69.85407
72.46418,23.09473
48.477196,68.10832
46.34944,55.508324
72.562965,23.280056
54.616447,18.558252
44.75099,74.558235
77.51997,38.367634
51.68587,53.377335
53.08955,52.37745
53.99553,53.048195
56.229126,17.416765
44.17883,60.437
72.60316,23.483656
72.61147,23.283253
57.934616,73.79102
33.931007,70.863106
31.407564,58.775528
58.627163,2.4395046
43.078083,57.90391
48.145096,55.6238
52.484463,50.15894
58.707497,2.0310545
63.586296,62.266228
58.608505,2.7532077
37.646057,77.58945
62.267975,64.267426
49.867886,59.70498
31.930569,61.338097
66.78826,37.790344
66.15233,37.065716
32.57098,63.309196
57.917236,90.203926
78.0228,38.76039
18.60132,33.66129
70.87262,18.57184
32.621414,63.183563
66.20786,37.192085
40.58586,22.78964
46.629726,54.782387
30.087305,55.77085
71.87919,97.223114
72.84336,96.86345
46.433926,19.659788
44.770096,74.78078
61.550148,58.267788
34.677197,72.41349
52.8984,84.97304
85.04098,60.765293
53.22328,61.420406
60.900948,5.818808
61.26471,91.76821
33.77797,23.911871
80.90347,39.770065
42.71289,23.98223
59.08135,14.884844
81.4295,39.615738
78.24244,1.8410048
58.76911,2.0628326
48.51344,17.672441
58.40504,97.48014
58.68178,1.8651251
59.52627,57.42727
72.512215,25.734304
17.972376,22.740099
58.596775,2.9292948
60.838207,57.96541
61.191723,91.83184
47.44639,66.41505
60.933594,95.81482
66.20013,37.205254
61.718338,8.496112
16.327303,24.207747
43.346478,77.00935
45.144432,71.58615
43.177452,56.178
57.90568,90.27044
58.698246,2.4533818
32.58589,63.16262
58.004505,73.820496
97.63644,79.21882
25.223446,48.119385
56.50907,56.728195
58.689804,1.4003462
48.207638,97.61538
43.3186,97.27204
52.01293,17.874071
72.7313,23.537315
55.09758,97.89257
89.045494,67.014015
39.592716,81.50368
53.468452,52.841606
60.566902,57.731915
59.389145,57.30082
19.838696,29.915102
61.623158,7.918469
35.705776,81.041565
72.415535,23.167212
77.04139,94.17004
44.86773,25.205101
58.645523,2.3466723
47.19424,92.813034
11.747052,22.536127
46.57126,24.032324
57.56924,69.7246
37.546677,77.613655
44.52481,90.010185
43.516384,90.01676
44.21232,60.430225
54.553165,18.555456
64.479324,65.46205
43.25116,56.255764
85.973274,40.92547
67.64974,1.9703057
84.88318,62.086185
49.554825,54.786964
46.40709,54.650253
58.762543,2.206554
30.042852,55.695763
80.723595,2.358332
58.614586,2.297457
69.92776,29.194683
56.278202,17.535704
67.004166,37.9305
43.87436,66.52476
56.17579,17.561934
52.813927,51.590332
48.528717,17.59972
44.86751,55.978657
70.84061,14.11778
61.12231,91.73608
43.796432,66.57773
63.75642,62.2345
67.21331,10.4167795
60.08092,73.24519
66.3048,37.24373
44.53329,24.653889
43.367554,58.210064
66.39307,37.42721
42.85324,25.08442
19.591827,29.489006
42.740406,24.952341
57.470367,69.647545
46.850563,54.924644
45.12785,71.534805
74.724106,20.029833
69.10321,4.4318676
33.966206,70.95153
72.49805,24.213268
14.065441,29.907278
75.76621,38.204876
44.96603,71.32907
68.66313,38.475777
23.634758,46.92452
52.706837,61.139442
73.58722,96.19083
66.3184,37.120266
76.00654,38.405933
41.096943,88.26051
40.702614,75.807274
61.11027,58.033497
72.91725,94.480835
73.33848,38.915367
73.93564,39.313915
24.854553,47.93621
62.23675,64.18646
58.794304,2.4973125
61.992023,64.060745
66.18843,37.068317
67.78357,32.51575
84.385284,46.24868
21.063446,23.327751
43.195477,56.297394
26.56899,49.832726
23.724373,31.16195
51.36846,75.28953
70.50074,28.56886
58.97738,72.82103
57.447235,67.3447
44.433327,24.632803
62.438435,10.244058
53.32423,94.99891
60.44291,57.555103
40.501965,75.74418
41.318012,88.67822
81.019455,39.697212
59.106667,57.066154
44.24275,61.556915
66.69163,35.99288
20.106213,29.404339
66.31652,37.530804
70.35143,93.83307
58.476547,2.1222165
21.478859,29.712809
67.50827,1.8008322
61.060974,58.010254
30.690159,57.00918
50.81573,93.85453
48.342552,16.338207
62.55465,10.39859
60.74835,57.880627
70.719696,39.558304
46.619347,54.778694
69.359764,29.799301
48.254047,18.865507
58.673996,2.4001446
43.412766,64.772
61.9485,58.4681
70.401665,28.447502
60.845684,5.285828
57.54395,55.677605
66.347496,37.434624
30.932785,32.658806
33.133076,67.65091
33.07178,33.77232
51.915928,17.716854
44.536083,24.691555
46.741943,54.92539
50.114536,54.009804
24.161894,33.483215
65.68252,6.744305
58.739426,2.2593148
35.45417,75.52786
84.47509,46.272877
70.00166,31.063992
50.5695,60.236004
57.946053,57.078236
92.451065,54.51864
52.199135,80.4392
44.804012,74.55116
58.726906,2.1335683
87.67379,59.961117
62.334686,64.31466
46.510742,92.32771
45.653156,20.63524
65.34356,97.432976
15.069795,47.623375
48.12346,97.17318
67.844376,32.663826
63.746674,62.685318
66.21574,37.103336
35.505978,25.053846
13.896206,22.471354
16.853565,27.006254
66.14934,36.99698
46.608875,54.84104
70.698166,38.154682
59.229187,14.709307
18.546797,37.36474
84.926834,62.037537
28.048094,24.437563
44.843296,23.72864
33.032406,66.75293
45.13484,71.58511
44.840538,24.991566
52.688175,84.75199
57.500664,69.53885
72.37733,97.398994
48.556366,17.647074
20.553234,31.464245
22.412315,32.01243
66.22939,36.973785
51.980907,17.806479
66.04814,36.90467
32.991894,97.31334
67.154945,34.375797
12.849243,27.827072
52.501877,94.400856
52.999626,52.590775
59.74626,4.3191423
49.746784,59.546066
44.319035,61.558575
52.817135,84.9233
58.663666,56.672695
10.263899,27.355356
62.073067,58.5947
23.142197,24.156267
45.095272,71.43417
61.845894,65.08937
52.917255,52.608536
64.394226,57.944626
51.79865,53.598232
56.695675,64.361984
85.27215,60.90025
52.961853,52.641113
66.1892,37.05212
46.57379,70.20026
34.4584,97.66972
67.74285,32.49422
44.62982,97.735794
53.05465,52.630466
50.17381,53.970707
59.1746,64.71153
66.15496,36.964176
70.81037,39.642593
58.72359,2.5964816
47.14942,93.17888
58.783535,2.353808
85.09925,60.800816
53.698242,2.29869
43.298416,56.31499
92.581245,54.74429
44.893463,89.72783
14.775491,22.858068
56.208073,17.48501
65.65139,97.78387
66.30428,37.516838
34.5571,24.043966
59.204746,57.158157
63.642235,65.890884
54.361866,18.523851
32.983345,97.60326
65.86167,97.21052
71.45877,38.62374
82.73767,95.78251
39.508266,81.5872
32.85693,65.064964
30.704514,23.97619
71.4144,19.701796
58.64564,2.2097762
52.95874,52.621723
44.249516,61.504494
47.56817,55.953587
42.849697,24.986805
28.022797,97.34731
58.636047,2.4419465
67.109436,34.48309
54.10665,62.6219
19.706362,29.852789
59.040276,14.839343
21.24199,23.280392
69.449776,29.898062
52.960484,61.222755
59.89042,73.12847
57.51264,69.50913
19.813572,22.976608
52.89987,52.533905
27.146091,23.383835
84.43075,97.41475
43.16595,56.238346
67.86168,32.548225
46.5745,54.77712
67.95837,4.808349
54.4985,18.628246
56.19831,17.590965
68.849724,12.1650915
56.173916,17.485151
34.514545,24.024843
65.54125,96.55683
46.375515,19.570248
51.74626,53.63407
43.12871,56.18926
32.479733,62.305176
72.49888,24.394728
58.886517,72.77985
85.48679,65.702736
43.67134,76.58553
57.11125,70.61229
22.052439,30.141634
50.637566,54.279842
53.1208,85.859955
73.699524,39.177795
15.900589,23.563261
56.817284,64.44278
52.97352,61.23896
60.588276,57.79335
30.551014,56.95237
31.380209,32.753845
48.610558,68.11227
46.7936,54.889374
67.79611,32.510826
16.552797,22.381598
67.20741,34.324142
45.656406,20.617075
44.283875,61.60143
67.70562,2.1490252
59.47329,57.26676
53.13603,85.89456
54.442295,53.4353
54.393585,53.42729
52.61586,51.30455
69.9296,31.195244
43.863758,59.49393
46.335373,19.575844
80.989365,39.73264
70.213196,93.867165
51.838215,17.689388
33.502087,68.77452
37.764156,23.600199
37.78505,77.89699
46.365723,26.37254
56.400867,56.622112
79.04782,94.412865
63.17763,63.444035
59.08321,14.960731
73.14962,92.31424
44.196392,66.32895
42.93494,76.84896
24.191925,31.445368
85.091965,40.220135
44.535503,24.741867
43.728382,59.451866
59.117115,72.962166
53.977783,53.185062
43.184875,58.085083
65.44418,95.65237
40.559086,75.74127
66.43247,37.508167
46.44325,19.60068
87.59957,66.93828
79.134415,11.48236
46.393368,19.533003
43.85324,66.5331
47.04164,92.623314
63.68985,62.682003
84.44599,46.158455
44.45082,24.69563
27.125935,32.474663
53.17224,85.896385
52.15799,74.125786
57.84021,71.8607
44.41337,24.581158
72.682884,25.406967
44.401844,24.559423
82.477646,97.37303
60.128017,65.300064
48.135494,55.58665
38.172127,25.730125
27.419676,51.402035
71.278076,19.328709
63.65885,62.166985
46.778965,54.919666
52.00462,82.92434
66.14185,35.416294
47.532833,58.321743
71.79313,1.8736991
66.239105,37.17606
25.457014,31.657808
96.48455,25.92435
43.19942,56.224678
51.374447,75.48267
55.45324,53.227226
55.46643,53.236725
67.18543,34.271736
50.95092,94.32954
62.51998,64.30517
49.447243,68.794014
30.063639,32.51037
20.392603,11.017777
56.179775,17.666685
63.111404,63.555447
57.15351,56.75211
42.759254,24.968182
66.42914,37.515617
34.32712,23.897861
67.109665,8.133352
53.29784,52.71586
52.68862,51.98249
58.638958,2.9239895
32.3693,62.849445
72.85356,12.847568
70.61798,39.54117
31.591192,32.450462
38.08139,23.22643
52.73319,84.632484
49.915043,92.57006
67.10026,34.173107
37.672283,77.706345
62.11179,64.14672
47.063084,92.69901
74.97526,97.68641
34.680626,72.42968
52.20583,74.13404
85.397194,60.934994
65.42413,95.453926
53.000645,52.584732
61.745907,14.708188
73.48777,97.094864
18.028511,22.54303
45.958637,26.349556
35.02804,24.749
87.64961,66.99474
16.89949,35.99347
97.53929,35.20827
63.56775,62.504517
37.59891,77.65175
58.688473,1.9323705
63.825462,62.746883
75.41382,2.5073843
54.225655,18.468533
53.86077,62.28504
52.040325,17.74933
32.885185,33.63273
53.991825,53.07823
43.32283,56.329662
84.81066,62.064075
34.602467,72.53288
42.68234,89.24478
68.54376,12.028254
68.55334,38.573696
61.02598,91.93595
42.93065,24.077793
66.159904,37.09923
84.65238,61.916042
42.685448,24.983309
72.48795,96.6394
43.064983,89.664024
63.062424,12.121594
49.797405,92.69168
52.72801,84.84507
62.52192,10.299816
70.4502,14.237973
61.850708,58.28452
55.98486,97.50583
48.490322,17.530878
72.74417,97.24174
53.767693,73.891716
48.19504,67.17976
71.87078,93.610825
58.654556,2.0027683
46.31298,19.568228
77.888885,94.90144
62.435726,97.351
93.60869,72.19194
48.928085,14.530385
59.091152,14.7776375
29.017826,4.6984963
58.94838,14.942319
58.744293,2.309083
31.57522,32.403397
57.829906,2.0282104
45.824043,65.86555
50.301937,59.883186
58.938763,72.79965
62.18476,74.42801
56.148975,17.929035
60.600742,57.7559
51.815254,53.577816
23.227629,46.099083
28.116375,52.382362
58.68196,2.1292846
60.969112,57.925964
48.510513,17.587776
63.671272,62.201675
30.572737,56.887157
85.83575,40.705067
52.1368,49.96437
68.65104,38.636036
21.388124,21.330435
64.87077,65.88641
96.952,80.84411
57.06201,70.575775
69.753876,31.32606
62.547012,97.23572
44.248013,61.56297
22.275377,24.096346
40.004177,97.90197
66.2527,37.11696
83.22493,40.517075
70.936035,18.599907
70.51548,38.170044
67.03451,34.237606
44.96811,71.51183
57.36993,1.8644509
52.997654,52.644653
77.1314,1.4252747
63.216087,11.908941
52.106216,80.31443
51.904915,17.692616
20.346764,30.944952
59.060394,72.93567
43.23273,66.19294
58.677937,2.1342523
40.91074,88.10367
86.15751,8.926647
54.320873,1.9494525
61.657528,65.37882
74.93962,97.69515
62.16033,58.723354
67.60534,2.493205
56.12727,17.544754
85.85429,60.607082
70.41088,28.340975
72.45499,22.05152
20.807535,36.42359
67.69522,2.4797213
26.65859,49.847454
47.94628,70.668655
44.51929,24.679306
72.64922,25.11668
18.200798,25.982824
55.37791,53.189617
70.76441,39.37241
29.47331,32.724957
25.205395,33.153675
72.50206,22.106462
73.245125,38.991585
87.81266,66.95141
57.51259,69.39864
67.70805,32.537777
48.598755,17.695053
19.42211,41.105595
50.020763,53.779163
53.262936,94.63328
70.498924,28.481897
71.1312,13.574427
45.44566,25.96927
65.85071,7.755137
67.03427,97.21039
16.6533,27.160137
56.173737,17.672256
56.613617,64.33818
48.65826,17.65033
66.37445,37.452457
43.300087,89.85872
23.661139,46.68497
67.73943,32.484898
22.872131,30.656288
66.404274,37.44996
38.006233,25.603409
41.76867,88.289406
43.305225,66.26295
48.17006,55.657833
88.88995,49.517307
65.32025,97.467316
69.51197,29.777172
11.924162,27.430723
66.266426,37.14009
69.92164,30.949791
69.43602,29.815088
50.020626,54.805367
49.765545,59.60372
68.678986,38.576645
87.0979,38.43614
42.867676,76.729614
62.133068,13.552513
46.522877,70.151375
46.42415,57.79086
52.710785,61.105583
43.284927,58.08738
59.908165,73.22349
75.24859,9.769227
62.060547,64.13715
67.81825,32.64202
48.515682,68.17101
62.62477,59.81783
67.12149,34.174435
32.438824,62.807407
68.81848,38.77923
72.63193,23.4512
44.587566,24.648502
58.674187,56.73753
74.779396,14.634874
29.648289,18.907957
52.52156,51.152294
46.80109,54.969826
56.020588,96.03016
42.764687,25.09013
66.89184,37.766804
57.753796,71.78676
66.2522,37.035686
32.687115,63.23982
20.388714,42.894524
42.884834,76.80437
52.4132,83.731445
53.420345,95.06537
62.989937,12.244375
63.447575,12.944762
63.553165,62.15454
34.697506,72.543465
59.15089,64.6426
44.722622,74.582664
44.34409,24.554216
43.29895,58.09451
62.51906,10.358711
27.997017,52.061615
31.60508,59.862244
42.724575,23.980967
61.81574,58.4162
73.24649,38.92983
18.591993,37.267612
59.19239,64.717606
52.70573,84.18059
45.014095,23.800993
32.29942,61.93003
52.947643,86.475586
58.533955,2.8992746
58.585487,2.769616
70.51842,28.384178
70.99186,18.71457
84.19807,95.46149
41.88894,88.064445
58.841614,72.78386
42.774864,24.968237
70.4737,28.44855
15.258305,33.674862
52.392704,83.60843
40.43744,22.860987
67.026405,37.93392
67.64508,1.8786141
48.627697,17.703875
62.12458,64.14304
78.07171,38.747246
48.580734,1.9766036
34.883602,82.97323
84.340576,46.127243
44.87713,23.863844
37.63606,77.78859
58.378044,95.985016
67.12049,34.191998
62.0081,58.518383
70.7472,39.615494
44.935966,23.828892
57.441643,67.15933
55.724525,96.069756
50.131905,54.0689
44.82736,55.91635
54.256714,18.5461
70.927444,2.2299674
52.154053,80.60102
52.480965,83.96539
43.281483,58.171143
33.734203,70.72939
58.616974,2.2425067
34.6055,72.407234
62.38648,59.65194
55.459538,53.220737
45.579994,20.665842
88.98749,39.09485
