65.79481,76.93439
67.18417,76.91172
66.065544,77.00878
40.1779,77.383446
66.1103,77.35975
41.80826,18.494076
24.605726,72.96889
71.98447,47.046017
40.063507,76.99291
66.46506,76.688545
40.932655,77.22563
40.774292,77.078285
41.88201,18.44431
41.20031,76.66104
41.449974,18.25925
42.387703,18.683933
66.60644,18.6558
71.90226,28.20102
72.03213,44.411495
71.83061,75.05223
71.67616,76.37004
66.13274,18.226402
25.046045,66.48084
72.07512,56.37438
41.791374,18.510872
24.794256,36.507973
66.4991,77.22875
40.25854,18.307053
66.92891,18.375092
67.658356,18.309938
65.38681,77.01052
66.47606,77.00308
24.642845,58.70111
72.0812,31.777693
66.71921,77.34452
66.881996,18.64637
40.90144,76.91752
32.71788,18.676207
40.628532,76.90759
41.174057,77.101234
39.151814,77.06307
66.735146,18.62148
40.994102,76.91655
40.949516,77.07128
40.88437,77.31677
41.26756,76.77652
67.00618,18.235518
66.30168,77.38985
66.53813,18.59221
66.49666,18.777822
41.33245,77.00608
72.05604,50.257633
25.438313,21.726156
72.120346,24.047817
66.8348,18.46801
41.616188,18.153357
40.59211,18.64251
71.9352,18.79626
41.923946,18.26171
41.47963,18.473276
65.65603,77.364525
40.60111,77.2194
25.227364,70.78489
39.283195,76.85124
66.47298,77.22842
71.86309,69.85127
72.14592,40.225464
71.87119,76.647095
66.99271,77.29875
26.721981,77.14093
24.834312,75.486275
72.008255,59.638325
68.1766,77.177246
66.42022,18.401756
24.61797,54.503494
40.382652,76.990616
66.077896,76.946175
66.89697,18.228851
38.268383,77.04643
69.57991,76.94285
65.86798,76.79596
71.82668,76.799065
41.05812,77.25533
40.13236,77.22614
41.07002,77.010765
67.005455,77.237335
65.97509,76.91867
41.122345,76.951996
66.602104,18.457327
66.33646,18.375515
66.76892,18.48405
65.6241,77.294235
68.04793,18.569275
71.86201,22.21084
67.140495,18.264294
72.06051,72.28483
71.70089,67.61962
72.04037,61.84886
24.712608,24.914259
37.36358,18.615791
41.669586,18.518566
71.90651,52.79522
41.038353,18.20802
66.8225,77.01646
40.961285,18.230606
41.561085,18.373009
41.613007,18.493958
24.610939,41.65597
66.809685,18.37712
66.8056,76.94688
71.82519,33.951714
24.732346,50.113342
24.435265,63.561485
24.528572,31.667114
66.26237,18.38638
72.05216,26.532515
24.851412,27.3959
68.79136,18.345968
72.10749,37.691467
41.363903,18.338928
72.12301,65.44829
24.599817,20.54378
71.90562,19.799866
66.05445,18.342442
67.46676,18.193819
42.125443,18.173765
67.39263,18.650595
71.77059,18.602022
39.41628,18.364351
71.84991,19.135063
68.72395,18.540592
67.004684,18.339752
42.010433,18.384478
24.63056,46.21812
66.667755,18.355513
41.712284,18.558449
66.32548,77.28302
41.04961,76.7435
66.71979,18.552681
66.66633,77.16171
66.073044,76.39835
37.056652,76.9749
