2.611356466876971538e+01,8.400000000000000000e+01
2.690220820189274420e+01,8.364963503649634902e+01
2.772239747634069573e+01,8.343065693430656893e+01
2.605047318611987350e+01,8.321167883211677463e+01
2.737539432176656007e+01,8.299270072992700875e+01
2.803785488958990513e+01,8.272992700729926696e+01
3.049842271293375262e+01,8.246715328467152517e+01
2.974132492113564652e+01,8.216058394160583589e+01
3.030914826498422698e+01,8.189781021897809410e+01
2.488328075709779341e+01,8.167883211678832822e+01
3.166561514195583626e+01,8.154744525547445733e+01
2.545110410094637388e+01,8.137226277372263894e+01
3.229652996845425861e+01,8.128467153284671554e+01
8.254889589905363323e+01,8.119708029197079213e+01
2.406309148264984188e+01,8.106569343065692124e+01
2.677602523659306044e+01,8.097810218978102625e+01
2.784858044164037949e+01,8.089051094890510285e+01
2.857413249211356288e+01,8.080291970802920787e+01
3.043533123028391074e+01,8.071532846715328446e+01
3.097160883280757204e+01,8.062773722627736106e+01
3.169716088328075898e+01,8.054014598540146608e+01
3.273817034700315531e+01,8.045255474452554267e+01
7.810094637223974701e+01,8.036496350364963348e+01
8.090851735015772306e+01,8.027737226277372429e+01
2.936277602523659169e+01,8.014598540145985339e+01
3.210725552050472942e+01,8.005839416058392999e+01
7.655520504731860854e+01,7.997080291970803501e+01
7.980441640378548129e+01,7.988321167883211160e+01
3.078233438485804641e+01,7.975182481751824071e+01
7.608201892744480688e+01,7.966423357664234572e+01
7.948895899053627545e+01,7.957664233576642232e+01
3.258044164037855239e+01,7.944525547445255143e+01
7.674447949526813773e+01,7.935766423357662802e+01
8.343217665615141243e+01,7.927007299270073304e+01
8.204416403785488399e+01,7.918248175182480963e+01
3.235962145110410404e+01,7.909489051094891465e+01
7.608201892744480688e+01,7.905109489051093874e+01
8.362145110410094162e+01,7.900729927007299125e+01
2.724921135646687631e+01,7.891970802919706784e+01
2.860567823343848559e+01,7.887591240875912035e+01
2.860567823343848559e+01,7.883211678832117286e+01
2.838485804416403724e+01,7.878832116788319695e+01
2.775394321766561490e+01,7.874452554744524946e+01
2.677602523659306044e+01,7.870072992700730197e+01
2.627129337539432186e+01,7.865693430656934027e+01
2.570347003154574139e+01,7.861313868613137856e+01
2.504100946372239633e+01,7.856934306569343107e+01
2.431545741324921295e+01,7.852554744525546937e+01
8.400000000000000000e+01,7.852554744525546937e+01
2.425236593059936752e+01,7.843795620437956018e+01
2.532492113564668657e+01,7.839416058394161269e+01
2.661829652996845397e+01,7.835036496350363677e+01
3.172870662460567814e+01,7.830656934306568928e+01
3.384227129337539708e+01,7.826277372262774179e+01
4.128706624605678144e+01,7.821897810218978009e+01
6.545110410094636677e+01,7.817518248175181839e+01
7.437854889589905838e+01,7.813138686131387090e+01
7.936277602523659880e+01,7.808759124087590919e+01
3.333753943217665494e+01,7.800000000000000000e+01
4.311671924290220659e+01,7.795620437956205251e+01
7.431545741324920584e+01,7.791240875912407660e+01
2.400000000000000000e+01,7.782481751824818161e+01
3.627129337539432186e+01,7.778102189781021991e+01
6.636593059936907935e+01,7.773722627737225821e+01
7.564037854889589596e+01,7.769343065693431072e+01
2.422082018927444835e+01,7.760583941605838731e+01
3.620820189274447642e+01,7.756204379562043982e+01
6.617665615141955016e+01,7.751824817518246391e+01
7.529337539432177095e+01,7.747445255474451642e+01
3.330599369085173578e+01,7.738686131386860723e+01
4.330599369085173578e+01,7.734306569343065973e+01
7.368454258675077995e+01,7.729927007299269803e+01
2.447318611987381587e+01,7.721167883211677463e+01
6.428391167192430089e+01,7.716788321167882714e+01
7.548264984227128593e+01,7.712408759124087965e+01
3.655520504731860854e+01,7.703649635036495624e+01
6.664984227129338024e+01,7.699270072992700875e+01
7.516719242902209430e+01,7.694890510948904705e+01
7.964668769716087127e+01,7.690510948905108535e+01
3.636593059936908645e+01,7.681751824817517615e+01
4.409463722397475749e+01,7.677372262773721445e+01
7.141324921135645809e+01,7.672992700729926696e+01
7.355835962145110329e+01,7.668613138686131947e+01
7.560883280757097680e+01,7.664233576642334356e+01
7.715457413249211527e+01,7.659854014598539607e+01
7.778548895899052695e+01,7.655474452554744857e+01
7.734384858044164446e+01,7.651094890510948687e+01
7.655520504731860854e+01,7.646715328467152517e+01
7.680757097791797605e+01,7.642335766423357768e+01
7.750157728706625448e+01,7.637956204379561598e+01
8.097160883280756138e+01,7.633576642335765428e+01
8.295899053627759656e+01,7.629197080291970678e+01
3.523028391167192552e+01,7.620437956204378338e+01
3.844794952681387912e+01,7.616058394160583589e+01
6.627129337539432186e+01,7.611678832116788840e+01
7.283280757097790570e+01,7.607299270072992670e+01
7.620820189274448353e+01,7.602919708029196499e+01
8.371608832807569911e+01,7.598540145985401750e+01
2.668138801261829585e+01,7.589781021897809410e+01
2.806940063091482784e+01,7.585401459854014661e+01
3.523028391167192552e+01,7.581021897810219912e+01
3.705993690851735067e+01,7.576642335766422320e+01
3.933123028391167253e+01,7.572262773722627571e+01
6.592429022082018264e+01,7.567883211678831401e+01
7.087697160883280389e+01,7.563503649635036652e+01
7.286435331230283907e+01,7.559124087591240482e+01
7.453627760252365420e+01,7.554744525547445733e+01
2.469400630914826422e+01,7.545985401459853392e+01
2.664984227129337668e+01,7.541605839416058643e+01
2.866876971608832747e+01,7.537226277372261052e+01
3.056151419558359450e+01,7.532846715328466303e+01
3.636593059936908645e+01,7.528467153284671554e+01
3.851104100946372455e+01,7.524087591240875383e+01
6.362145110410094873e+01,7.519708029197080634e+01
7.280126182965300075e+01,7.515328467153284464e+01
2.929968454258674981e+01,7.506569343065692124e+01
3.737539432176656362e+01,7.502189781021897375e+01
6.974132492113564297e+01,7.497810218978102625e+01
8.358990536277602246e+01,7.493430656934305034e+01
3.772239747634068863e+01,7.484671532846715536e+01
7.106624605678233308e+01,7.480291970802919366e+01
3.267507886435330988e+01,7.471532846715328446e+01
6.917350157728705540e+01,7.467153284671532276e+01
3.289589905362775824e+01,7.458394160583941357e+01
7.008832807570976797e+01,7.454014598540146608e+01
3.803785488958990157e+01,7.445255474452554267e+01
8.349526813880126497e+01,7.440875912408759518e+01
6.955205047318611378e+01,7.432116788321167178e+01
4.052996845425867889e+01,7.423357664233576259e+01
3.794321766561514409e+01,7.414598540145985339e+01
3.693375394321766692e+01,7.405839416058392999e+01
2.545110410094637388e+01,7.397080291970803501e+01
8.321135646687696408e+01,7.392700729927007330e+01
7.220189274447949401e+01,7.383941605839416411e+01
7.144479495268137725e+01,7.375182481751824071e+01
7.005678233438484881e+01,7.366423357664234572e+01
4.617665615141955016e+01,7.357664233576642232e+01
8.103470031545739971e+01,7.353284671532846062e+01
4.639747634069400561e+01,7.344525547445255143e+01
7.844794952681388622e+01,7.340145985401458972e+01
2.545110410094637388e+01,7.331386861313868053e+01
4.611356466876971183e+01,7.327007299270073304e+01
7.100315457413248055e+01,7.322627737226275713e+01
7.929968454258674626e+01,7.318248175182480963e+01
8.258044164037855239e+01,7.313868613138686214e+01
4.015141955835962051e+01,7.305109489051095295e+01
4.690220820189274775e+01,7.300729927007299125e+01
6.958359621451103294e+01,7.296350364963502955e+01
7.582965299684542515e+01,7.291970802919706784e+01
8.251735015772871407e+01,7.287591240875912035e+01
4.671293375394321856e+01,7.278832116788319695e+01
7.513564668769716093e+01,7.274452554744524946e+01
4.182334384858043563e+01,7.265693430656934027e+01
7.595583596214510180e+01,7.261313868613137856e+01
6.772239747634068863e+01,7.252554744525546937e+01
4.160252365930599439e+01,7.243795620437956018e+01
2.655520504731861209e+01,7.235036496350363677e+01
7.075078864353312724e+01,7.230656934306568928e+01
6.106624605678233308e+01,7.221897810218978009e+01
2.895268138801261770e+01,7.213138686131387090e+01
6.778548895899054116e+01,7.208759124087590919e+01
3.434700315457413211e+01,7.200000000000000000e+01
6.895268138801262126e+01,7.195620437956205251e+01
3.027760252365930427e+01,7.186861313868612910e+01
6.586119873817034431e+01,7.182481751824818161e+01
2.901577287066245958e+01,7.173722627737225821e+01
4.302208201892744910e+01,7.169343065693429651e+01
2.649211356466877021e+01,7.160583941605838731e+01
3.453627760252365420e+01,7.156204379562043982e+01
6.854258675078864371e+01,7.151824817518249233e+01
3.917350157728706250e+01,7.143065693430656893e+01
7.377917981072555165e+01,7.138686131386860723e+01
4.330599369085173578e+01,7.129927007299269803e+01
3.188643533123028107e+01,7.121167883211678884e+01
6.876340694006307785e+01,7.116788321167882714e+01
4.775394321766560779e+01,7.108029197080290373e+01
3.463091482649842590e+01,7.099270072992700875e+01
2.642902208201892833e+01,7.090510948905109956e+01
6.510410094637222755e+01,7.086131386861313786e+01
4.349526813880126497e+01,7.077372262773721445e+01
3.472555205047318339e+01,7.068613138686131947e+01
2.649211356466877021e+01,7.059854014598539607e+01
6.589274447949526348e+01,7.055474452554744857e+01
4.403154574132491916e+01,7.046715328467152517e+01
3.478864353312302882e+01,7.037956204379561598e+01
8.179179810725551647e+01,7.033576642335765428e+01
6.428391167192430089e+01,7.024817518248175929e+01
4.447318611987381587e+01,7.016058394160583589e+01
4.239116719242902320e+01,7.007299270072992670e+01
3.422082018927444835e+01,6.998540145985401750e+01
7.330599369085173578e+01,6.994160583941605580e+01
4.866876971608832037e+01,6.985401459854014661e+01
7.724921135646687276e+01,6.981021897810219912e+01
3.475709779179810965e+01,6.972262773722627571e+01
4.494637223974763174e+01,6.967883211678832822e+01
6.560883280757099101e+01,6.963503649635036652e+01
7.557728706624604342e+01,6.959124087591240482e+01
7.781703470031544612e+01,6.954744525547444312e+01
7.970977917981072380e+01,6.950364963503649562e+01
8.131861198738170060e+01,6.945985401459853392e+01
3.560883280757097680e+01,6.937226277372263894e+01
4.321135646687697118e+01,6.932846715328466303e+01
4.494637223974763174e+01,6.928467153284671554e+01
6.305362776025236116e+01,6.924087591240875383e+01
7.456782334384857336e+01,6.919708029197080634e+01
3.576656151419558682e+01,6.910948905109488294e+01
5.800630914826498241e+01,6.906569343065693545e+01
7.551419558359620510e+01,6.902189781021897375e+01
4.977287066246056213e+01,6.893430656934305034e+01
8.090851735015772306e+01,6.889051094890510285e+01
5.803785488958990157e+01,6.880291970802919366e+01
4.153943217665614895e+01,6.871532846715328446e+01
6.586119873817034431e+01,6.867153284671532276e+01
4.472555205047318339e+01,6.858394160583941357e+01
7.289589905362775824e+01,6.854014598540146608e+01
5.065615141955835554e+01,6.845255474452554267e+01
3.664984227129337313e+01,6.836496350364963348e+01
6.381072555205047081e+01,6.832116788321167178e+01
4.254889589905363323e+01,6.823357664233576259e+01
6.374763406940062538e+01,6.818978102189780088e+01
3.198107255520504566e+01,6.810218978102190590e+01
4.548264984227129304e+01,6.805839416058392999e+01
6.317981072555205202e+01,6.801459854014598250e+01
8.052996845425866468e+01,6.797080291970803501e+01
3.191798107255520733e+01,6.788321167883211160e+01
3.447318611987381587e+01,6.783941605839416411e+01
3.772239747634068863e+01,6.779562043795620241e+01
4.321135646687697118e+01,6.775182481751824071e+01
4.482018927444794798e+01,6.770802919708029322e+01
4.526182965299685179e+01,6.766423357664234572e+01
4.535646687697160928e+01,6.762043795620436981e+01
4.513564668769716093e+01,6.757664233576642232e+01
4.352681388012618413e+01,6.753284671532847483e+01
4.270662460567822905e+01,6.748905109489051313e+01
3.709148264984226984e+01,6.744525547445255143e+01
3.608201892744479267e+01,6.740145985401458972e+01
3.614511041009463810e+01,6.735766423357664223e+01
3.693375394321766692e+01,6.731386861313868053e+01
3.791167192429021782e+01,6.727007299270073304e+01
4.368454258675079416e+01,6.722627737226278555e+01
4.649211356466877021e+01,6.718248175182480963e+01
5.636593059936907935e+01,6.713868613138686214e+01
6.450473186119873503e+01,6.709489051094890044e+01
2.901577287066245958e+01,6.700729927007299125e+01
3.895268138801262126e+01,6.696350364963502955e+01
5.586119873817034431e+01,6.691970802919708206e+01
2.835331230283911808e+01,6.683211678832117286e+01
4.718611987381703443e+01,6.678832116788319695e+01
8.002523659305992965e+01,6.674452554744524946e+01
5.204416403785488399e+01,6.665693430656934027e+01
3.911041009463722418e+01,6.656934306569343107e+01
6.169716088328075188e+01,6.652554744525546937e+01
4.576656151419558682e+01,6.643795620437956018e+01
6.324290220820189035e+01,6.639416058394161269e+01
3.986750788643533383e+01,6.630656934306568928e+01
5.327444794952681661e+01,6.626277372262774179e+01
6.239116719242902320e+01,6.621897810218978009e+01
6.986750788643533383e+01,6.617518248175181839e+01
7.109779179810726646e+01,6.613138686131387090e+01
7.176025236593059731e+01,6.608759124087590919e+01
7.198107255520504566e+01,6.604379562043794749e+01
7.163406940063092065e+01,6.600000000000000000e+01
7.112933753943218562e+01,6.595620437956205251e+01
6.999369085173501048e+01,6.591240875912407660e+01
6.349526813880125786e+01,6.586861313868612910e+01
6.138170347003154603e+01,6.582481751824818161e+01
5.491482649842271258e+01,6.578102189781021991e+01
5.239116719242902320e+01,6.573722627737225821e+01
4.582965299684542515e+01,6.569343065693431072e+01
7.961514195583595210e+01,6.569343065693431072e+01
7.377917981072555165e+01,6.564963503649634902e+01
6.980441640378549550e+01,6.560583941605838731e+01
6.106624605678233308e+01,6.556204379562043982e+01
5.510410094637224176e+01,6.551824817518249233e+01
5.384227129337538997e+01,6.547445255474451642e+01
5.381072555205047081e+01,6.543065693430656893e+01
5.551419558359621220e+01,6.538686131386862144e+01
6.090851735015772306e+01,6.534306569343065973e+01
6.302208201892743489e+01,6.529927007299269803e+01
7.750157728706625448e+01,6.525547445255473633e+01
4.160252365930599439e+01,6.516788321167882714e+01
4.873186119873817290e+01,6.512408759124087965e+01
5.469400630914826422e+01,6.508029197080293216e+01
6.059305993690851722e+01,6.503649635036495624e+01
6.813249211356466617e+01,6.499270072992700875e+01
4.172870662460567814e+01,6.490510948905109956e+01
5.169716088328075898e+01,6.486131386861313786e+01
5.923659305993690793e+01,6.481751824817517615e+01
6.756466876971609281e+01,6.477372262773722866e+01
4.579810725552050599e+01,6.468613138686131947e+01
5.324290220820189035e+01,6.464233576642334356e+01
6.027760252365930427e+01,6.459854014598539607e+01
7.929968454258674626e+01,6.455474452554744857e+01
4.920504731861198877e+01,6.446715328467153938e+01
5.636593059936907935e+01,6.442335766423357768e+01
6.623974763406940269e+01,6.437956204379561598e+01
4.671293375394321856e+01,6.429197080291970678e+01
5.138170347003154603e+01,6.424817518248175929e+01
5.513564668769716093e+01,6.420437956204378338e+01
5.564037854889589596e+01,6.416058394160583589e+01
5.630283911671924102e+01,6.411678832116788840e+01
5.516719242902208009e+01,6.407299270072992670e+01
5.308517350157728742e+01,6.402919708029196499e+01
4.952050473186119461e+01,6.398540145985401040e+01
4.639747634069400561e+01,6.394160583941605580e+01
3.784858044164037949e+01,6.389781021897810120e+01
3.507255520504732260e+01,6.385401459854014661e+01
3.213880126182965569e+01,6.381021897810219201e+01
6.488328075709779341e+01,6.381021897810219201e+01
5.646056782334384394e+01,6.376642335766423031e+01
5.185488958990536190e+01,6.372262773722627571e+01
4.355835962145110329e+01,6.367883211678832112e+01
3.655520504731860854e+01,6.363503649635036652e+01
3.194952681388012650e+01,6.359124087591239771e+01
6.008832807570978218e+01,6.359124087591239771e+01
5.314826498422712575e+01,6.354744525547445022e+01
4.838485804416404079e+01,6.350364963503649562e+01
4.024605678233437800e+01,6.345985401459854103e+01
3.765930599369085030e+01,6.341605839416058643e+01
3.157097791798107167e+01,6.337226277372263183e+01
7.854258675078864371e+01,6.337226277372263183e+01
6.387381703470031624e+01,6.332846715328467013e+01
5.914195583596214334e+01,6.328467153284670843e+01
5.724921135646687276e+01,6.324087591240876094e+01
5.576656151419558682e+01,6.319708029197080634e+01
5.523028391167191842e+01,6.315328467153283754e+01
5.504100946372239633e+01,6.310948905109488294e+01
5.491482649842271258e+01,6.306569343065693545e+01
5.516719242902208009e+01,6.302189781021897375e+01
5.570347003154574850e+01,6.297810218978101915e+01
5.699684542586750524e+01,6.293430656934307166e+01
5.885804416403785666e+01,6.289051094890510996e+01
6.340063091482650037e+01,6.284671532846714825e+01
4.034069400630914970e+01,6.275912408759124617e+01
4.482018927444794798e+01,6.271532846715327736e+01
5.135015772870661976e+01,6.267153284671532276e+01
5.532492113564668301e+01,6.262773722627737527e+01
6.239116719242902320e+01,6.258394160583941357e+01
4.245425867507886153e+01,6.249635036496349727e+01
5.030914826498423054e+01,6.245255474452554267e+01
5.532492113564668301e+01,6.240875912408758808e+01
7.775394321766560779e+01,6.236496350364963348e+01
4.333753943217665494e+01,6.227737226277371718e+01
4.980441640378548840e+01,6.223357664233576259e+01
5.210725552050472942e+01,6.218978102189781509e+01
5.311671924290220659e+01,6.214598540145985339e+01
5.340063091482649327e+01,6.210218978102189880e+01
5.286435331230283907e+01,6.205839416058394420e+01
5.169716088328075898e+01,6.201459854014598250e+01
4.961514195583595921e+01,6.197080291970802790e+01
4.418927444794952919e+01,6.192700729927007330e+01
7.321135646687696408e+01,6.192700729927007330e+01
6.958359621451103294e+01,6.188321167883211160e+01
6.172870662460567814e+01,6.183941605839415701e+01
5.529337539432176385e+01,6.179562043795620241e+01
5.015141955835962051e+01,6.175182481751824781e+01
3.052996845425867534e+01,6.170802919708028611e+01
7.052996845425866468e+01,6.170802919708028611e+01
6.504100946372238923e+01,6.166423357664233862e+01
5.482018927444794798e+01,6.162043795620437692e+01
4.595583596214510891e+01,6.157664233576642232e+01
7.305362776025236826e+01,6.157664233576642232e+01
6.721766561514195359e+01,6.153284671532846772e+01
5.788012618296530576e+01,6.148905109489051313e+01
4.970977917981072380e+01,6.144525547445255143e+01
4.494637223974763174e+01,6.140145985401459683e+01
7.753312302839117365e+01,6.140145985401459683e+01
7.535646687697160928e+01,6.135766423357664223e+01
7.485173501577287425e+01,6.131386861313868053e+01
7.497791798107255090e+01,6.127007299270072593e+01
7.532492113564669012e+01,6.122627737226277844e+01
7.646056782334383684e+01,6.118248175182481674e+01
4.570347003154574139e+01,6.109489051094890044e+01
4.778548895899053406e+01,6.105109489051095295e+01
5.191798107255520733e+01,6.100729927007299125e+01
5.425236593059936752e+01,6.096350364963503665e+01
5.712302839116718900e+01,6.091970802919708206e+01
5.952050473186119461e+01,6.087591240875912035e+01
6.109779179810725935e+01,6.083211678832116576e+01
6.289589905362775824e+01,6.078832116788321116e+01
7.674447949526813773e+01,6.074452554744524946e+01
4.879495268138801123e+01,6.065693430656934027e+01
5.270662460567823615e+01,6.061313868613138567e+01
5.652365930599368937e+01,6.056934306569342397e+01
6.138170347003154603e+01,6.052554744525547648e+01
5.267507886435330988e+01,6.043795620437956018e+01
5.948895899053627545e+01,6.039416058394160558e+01
5.437854889589905127e+01,6.030656934306568928e+01
4.977287066246056213e+01,6.021897810218978009e+01
7.690220820189273354e+01,6.017518248175182549e+01
5.876340694006308496e+01,6.008759124087590919e+01
5.712302839116718900e+01,6.000000000000000000e+01
5.201261829652996482e+01,5.991240875912409081e+01
4.169716088328075898e+01,5.982481751824817451e+01
5.652365930599368937e+01,5.978102189781021991e+01
4.418927444794952919e+01,5.969343065693430361e+01
3.100315457413249121e+01,5.960583941605838731e+01
4.545110410094636677e+01,5.956204379562043272e+01
3.122397476340693956e+01,5.947445255474452352e+01
4.346372239747633870e+01,5.943065693430656893e+01
4.983596214511041467e+01,5.938686131386861433e+01
7.658675078864354191e+01,5.934306569343065973e+01
3.879495268138801123e+01,5.925547445255474344e+01
4.049842271293375262e+01,5.921167883211678884e+01
4.109779179810725225e+01,5.916788321167882714e+01
3.936277602523659169e+01,5.912408759124087254e+01
3.696529968454258608e+01,5.908029197080292505e+01
6.365299684542586789e+01,5.908029197080292505e+01
6.084542586750788473e+01,5.903649635036495624e+01
5.775394321766561490e+01,5.899270072992700875e+01
5.450473186119873503e+01,5.894890510948904705e+01
4.759621451104101197e+01,5.890510948905109245e+01
3.778548895899053406e+01,5.886131386861313786e+01
3.406309148264983833e+01,5.881751824817518326e+01
6.513564668769716093e+01,5.881751824817518326e+01
6.235962145110409693e+01,5.877372262773722866e+01
5.989905362776025299e+01,5.872992700729926696e+01
5.794321766561514409e+01,5.868613138686131236e+01
5.683911671924290232e+01,5.864233576642335777e+01
5.803785488958990157e+01,5.859854014598539607e+01
6.037223974763406886e+01,5.855474452554744147e+01
6.699684542586750524e+01,5.851094890510948687e+01
3.463091482649842590e+01,5.842335766423357057e+01
5.646056782334384394e+01,5.837956204379562308e+01
7.617665615141956437e+01,5.833576642335766138e+01
5.598738170347002807e+01,5.824817518248175219e+01
3.330599369085173578e+01,5.816058394160583589e+01
6.586119873817034431e+01,5.811678832116788129e+01
5.021451104100946594e+01,5.802919708029197210e+01
3.245425867507886153e+01,5.794160583941605580e+01
6.879495268138801123e+01,5.789781021897809410e+01
5.797476340694006325e+01,5.781021897810219201e+01
5.027760252365930427e+01,5.772262773722627571e+01
6.914195583596213623e+01,5.767883211678832112e+01
3.358990536277602246e+01,5.759124087591240482e+01
3.589274447949526348e+01,5.754744525547445022e+01
3.740694006309148278e+01,5.750364963503649562e+01
3.825867507886434993e+01,5.745985401459853392e+01
3.838485804416403369e+01,5.741605839416057933e+01
3.753312302839116654e+01,5.737226277372263183e+01
3.586119873817034431e+01,5.732846715328467013e+01
3.302208201892744910e+01,5.728467153284671554e+01
6.958359621451103294e+01,5.728467153284671554e+01
5.620820189274447642e+01,5.724087591240876094e+01
4.762776025236593114e+01,5.719708029197079924e+01
4.008832807570978218e+01,5.715328467153284464e+01
3.418927444794952919e+01,5.710948905109489004e+01
5.829022082018926909e+01,5.710948905109489004e+01
4.699684542586750524e+01,5.706569343065693545e+01
4.011987381703470135e+01,5.702189781021897375e+01
3.317981072555205202e+01,5.697810218978101915e+01
5.838485804416404079e+01,5.697810218978101915e+01
4.945741324921135629e+01,5.693430656934307166e+01
4.526182965299685179e+01,5.689051094890510285e+01
4.267507886435330988e+01,5.684671532846715536e+01
4.002523659305993675e+01,5.680291970802919366e+01
7.456782334384857336e+01,5.680291970802919366e+01
7.289589905362775824e+01,5.675912408759123906e+01
7.141324921135645809e+01,5.671532846715328446e+01
6.078233438485803930e+01,5.667153284671532987e+01
6.062460567823343638e+01,5.662773722627736817e+01
7.153943217665614895e+01,5.658394160583941357e+01
7.377917981072555165e+01,5.654014598540145897e+01
3.870031545741324663e+01,5.645255474452554267e+01
5.601892744479495434e+01,5.640875912408758808e+01
7.336908517350157410e+01,5.636496350364963348e+01
4.983596214511041467e+01,5.627737226277371718e+01
6.068769716088327471e+01,5.623357664233576969e+01
7.513564668769716093e+01,5.618978102189780799e+01
7.068769716088328892e+01,5.614598540145985339e+01
7.504100946372238923e+01,5.610218978102189880e+01
6.996214511041009132e+01,5.605839416058393709e+01
6.478864353312303592e+01,5.601459854014598250e+01
5.743848580441640195e+01,5.597080291970802790e+01
4.939432176656151086e+01,5.592700729927007330e+01
7.390536277602524251e+01,5.592700729927007330e+01
6.841640378548895285e+01,5.588321167883211160e+01
6.283280757097791280e+01,5.583941605839416411e+01
5.504100946372239633e+01,5.579562043795620241e+01
4.683911671924290943e+01,5.575182481751824071e+01
7.150788643533121558e+01,5.575182481751824071e+01
6.605047318611987350e+01,5.570802919708029322e+01
5.775394321766561490e+01,5.566423357664233151e+01
4.986750788643532672e+01,5.562043795620437692e+01
3.611356466876971183e+01,5.557664233576642232e+01
6.923659305993690793e+01,5.557664233576642232e+01
6.008832807570978218e+01,5.553284671532846772e+01
5.276971608832807448e+01,5.548905109489050602e+01
4.690220820189274775e+01,5.544525547445255143e+01
7.352681388012618413e+01,5.544525547445255143e+01
6.709148264984226273e+01,5.540145985401460393e+01
5.993059936908517216e+01,5.535766423357664223e+01
5.702839116719243151e+01,5.531386861313868053e+01
5.557728706624605053e+01,5.527007299270072593e+01
5.661829652996844686e+01,5.522627737226277134e+01
5.784858044164037949e+01,5.518248175182481674e+01
5.907886435331230501e+01,5.513868613138686214e+01
6.037223974763406886e+01,5.509489051094890755e+01
6.873186119873817290e+01,5.505109489051093874e+01
3.623974763406940269e+01,5.496350364963503665e+01
4.418927444794952919e+01,5.491970802919707495e+01
4.933123028391166542e+01,5.487591240875912035e+01
5.251735015772869986e+01,5.483211678832116576e+01
5.485173501577287425e+01,5.478832116788321116e+01
5.715457413249211527e+01,5.474452554744524946e+01
6.160252365930599439e+01,5.470072992700730197e+01
7.018296529968455388e+01,5.465693430656934027e+01
4.191798107255520733e+01,5.456934306569343107e+01
4.425236593059936752e+01,5.452554744525547648e+01
5.125552050473186227e+01,5.448175182481751477e+01
5.368454258675078705e+01,5.443795620437956018e+01
5.595583596214511601e+01,5.439416058394160558e+01
6.185488958990536190e+01,5.435036496350365098e+01
7.011987381703470135e+01,5.430656934306568928e+01
4.027760252365930427e+01,5.421897810218978009e+01
4.400000000000000000e+01,5.417518248175181839e+01
5.125552050473186227e+01,5.413138686131387090e+01
5.406309148264983833e+01,5.408759124087591630e+01
5.652365930599368937e+01,5.404379562043795460e+01
6.324290220820189035e+01,5.400000000000000000e+01
7.068769716088328892e+01,5.395620437956203830e+01
3.977287066246056213e+01,5.386861313868612910e+01
4.911041009463722418e+01,5.382481751824817451e+01
5.374763406940063248e+01,5.378102189781021991e+01
5.756466876971608571e+01,5.373722627737225821e+01
6.586119873817034431e+01,5.369343065693431072e+01
4.317981072555204491e+01,5.360583941605838731e+01
5.630283911671924102e+01,5.356204379562043982e+01
3.513564668769716093e+01,5.347445255474453063e+01
5.564037854889589596e+01,5.343065693430656893e+01
3.759621451104101197e+01,5.334306569343065973e+01
5.819558359621451160e+01,5.329927007299269803e+01
4.803785488958990868e+01,5.321167883211678884e+01
6.750157728706625448e+01,5.316788321167882714e+01
5.614511041009463810e+01,5.308029197080291794e+01
4.772239747634068863e+01,5.299270072992700875e+01
7.131861198738170060e+01,5.294890510948904705e+01
6.365299684542586789e+01,5.286131386861313786e+01
5.469400630914826422e+01,5.277372262773722866e+01
4.251735015772870696e+01,5.268613138686131947e+01
3.485173501577287425e+01,5.259854014598539607e+01
6.756466876971609281e+01,5.255474452554744857e+01
5.829022082018926909e+01,5.246715328467152517e+01
5.235962145110410404e+01,5.237956204379561598e+01
3.680757097791797605e+01,5.229197080291970678e+01
6.888958990536278293e+01,5.224817518248174508e+01
5.570347003154574850e+01,5.216058394160583589e+01
4.194952681388012650e+01,5.207299270072992670e+01
6.453627760252365420e+01,5.202919708029196499e+01
5.119242902208201684e+01,5.194160583941605580e+01
6.876340694006307785e+01,5.189781021897810120e+01
5.172870662460567814e+01,5.181021897810218491e+01
6.939432176656151796e+01,5.176642335766423741e+01
5.207570977917980315e+01,5.167883211678831401e+01
6.970977917981072380e+01,5.163503649635036652e+01
5.217034700315457485e+01,5.154744525547445733e+01
7.005678233438484881e+01,5.150364963503649562e+01
5.352681388012618413e+01,5.141605839416058643e+01
7.150788643533121558e+01,5.137226277372262473e+01
5.422082018927444835e+01,5.128467153284671554e+01
7.204416403785489820e+01,5.124087591240875383e+01
5.488328075709779341e+01,5.115328467153284464e+01
3.961514195583595921e+01,5.106569343065693545e+01
5.586119873817034431e+01,5.102189781021897375e+01
4.605047318611987350e+01,5.093430656934306455e+01
5.996214511041009843e+01,5.089051094890510996e+01
5.027760252365930427e+01,5.080291970802919366e+01
7.062460567823345059e+01,5.075912408759123196e+01
5.437854889589905127e+01,5.067153284671532987e+01
4.573501577287066766e+01,5.058394160583941357e+01
5.977287066246056213e+01,5.054014598540145187e+01
5.024605678233437800e+01,5.045255474452554267e+01
6.081388012618295846e+01,5.040875912408758808e+01
4.999369085173501048e+01,5.032116788321167178e+01
5.728075709779179903e+01,5.027737226277372429e+01
4.526182965299685179e+01,5.018978102189780799e+01
5.447318611987381587e+01,5.014598540145985339e+01
7.172870662460567814e+01,5.010218978102189169e+01
4.952050473186119461e+01,5.001459854014598250e+01
5.500946372239747717e+01,4.997080291970802790e+01
6.769085173501576946e+01,4.992700729927007330e+01
4.434700315457412501e+01,4.983941605839415701e+01
5.078233438485804641e+01,4.979562043795620241e+01
5.390536277602523541e+01,4.975182481751824781e+01
5.649211356466876310e+01,4.970802919708029322e+01
6.191798107255520023e+01,4.966423357664233151e+01
3.437854889589905127e+01,4.957664233576642232e+01
4.286435331230283907e+01,4.953284671532846062e+01
4.570347003154574139e+01,4.948905109489051313e+01
5.138170347003154603e+01,4.944525547445255143e+01
5.374763406940063248e+01,4.940145985401459683e+01
5.627129337539432186e+01,4.935766423357664223e+01
6.163406940063091355e+01,4.931386861313868053e+01
6.854258675078864371e+01,4.927007299270073304e+01
3.724921135646687276e+01,4.918248175182481674e+01
4.381072555205047081e+01,4.913868613138686214e+01
5.097160883280756849e+01,4.909489051094890044e+01
5.371608832807570622e+01,4.905109489051095295e+01
5.677602523659306399e+01,4.900729927007299125e+01
6.270662460567823615e+01,4.896350364963503665e+01
7.201261829652997903e+01,4.891970802919708206e+01
4.172870662460567814e+01,4.883211678832117286e+01
4.955205047318612088e+01,4.878832116788321116e+01
5.261198738170347156e+01,4.874452554744525656e+01
5.532492113564668301e+01,4.870072992700729486e+01
6.220189274447950112e+01,4.865693430656934027e+01
6.929968454258674626e+01,4.861313868613137856e+01
3.674447949526813773e+01,4.852554744525547648e+01
4.895268138801262126e+01,4.848175182481751477e+01
5.229652996845425861e+01,4.843795620437956018e+01
5.519873817034699925e+01,4.839416058394159847e+01
6.141324921135646520e+01,4.835036496350365098e+01
6.955205047318611378e+01,4.830656934306568928e+01
3.617665615141955726e+01,4.821897810218978009e+01
4.847949526813880539e+01,4.817518248175181839e+01
5.163406940063092065e+01,4.813138686131387090e+01
5.428391167192428668e+01,4.808759124087590919e+01
5.772239747634068863e+01,4.804379562043795460e+01
6.434700315457413922e+01,4.800000000000000000e+01
3.472555205047318339e+01,4.791240875912409081e+01
4.280126182965300075e+01,4.786861313868612910e+01
5.081388012618296557e+01,4.782481751824817451e+01
5.374763406940063248e+01,4.778102189781021991e+01
5.715457413249211527e+01,4.773722627737225821e+01
6.459936908517349252e+01,4.769343065693430361e+01
3.532492113564669012e+01,4.760583941605839442e+01
4.920504731861198877e+01,4.756204379562043982e+01
5.267507886435330988e+01,4.751824817518247812e+01
5.605047318611987350e+01,4.747445255474452352e+01
6.459936908517349252e+01,4.743065693430656893e+01
4.011987381703470135e+01,4.734306569343065973e+01
4.986750788643532672e+01,4.729927007299269803e+01
5.349526813880125786e+01,4.725547445255474344e+01
5.750157728706624027e+01,4.721167883211678884e+01
7.059305993690850300e+01,4.716788321167882714e+01
4.422082018927444835e+01,4.708029197080291794e+01
5.106624605678233308e+01,4.703649635036496335e+01
5.456782334384858046e+01,4.699270072992700875e+01
6.182334384858043563e+01,4.694890510948904705e+01
3.450473186119873503e+01,4.686131386861313786e+01
4.901577287066245958e+01,4.681751824817518326e+01
5.346372239747633870e+01,4.677372262773722156e+01
6.172870662460567814e+01,4.672992700729926696e+01
3.929968454258675337e+01,4.664233576642335777e+01
5.106624605678233308e+01,4.659854014598540317e+01
5.737539432176655652e+01,4.655474452554744147e+01
3.888958990536277582e+01,4.646715328467152517e+01
5.138170347003154603e+01,4.642335766423357768e+01
6.207570977917981025e+01,4.637956204379562308e+01
4.425236593059936752e+01,4.629197080291970678e+01
5.582965299684542515e+01,4.624817518248174508e+01
3.854258675078864371e+01,4.616058394160583589e+01
5.406309148264983833e+01,4.611678832116788129e+01
7.188643533123027396e+01,4.607299270072992670e+01
5.362145110410094162e+01,4.598540145985401750e+01
7.160252365930600149e+01,4.594160583941605580e+01
5.176025236593059731e+01,4.585401459854014661e+01
7.160252365930600149e+01,4.581021897810218491e+01
5.185488958990536190e+01,4.572262773722627571e+01
7.160252365930600149e+01,4.567883211678832112e+01
5.179179810725551647e+01,4.559124087591240482e+01
7.150788643533121558e+01,4.554744525547445022e+01
5.362145110410094162e+01,4.545985401459854103e+01
7.179179810725551647e+01,4.541605839416058643e+01
5.362145110410094162e+01,4.532846715328467013e+01
7.191798107255519312e+01,4.528467153284671554e+01
5.371608832807570622e+01,4.519708029197080634e+01
7.182334384858043563e+01,4.515328467153284464e+01
5.292744479495267740e+01,4.506569343065693545e+01
6.690220820189273354e+01,4.502189781021897375e+01
4.866876971608832037e+01,4.493430656934306455e+01
5.658675078864352770e+01,4.489051094890510996e+01
3.759621451104101197e+01,4.480291970802919366e+01
5.314826498422712575e+01,4.475912408759124617e+01
6.551419558359620510e+01,4.471532846715328446e+01
4.851104100946372455e+01,4.462773722627736817e+01
5.513564668769716093e+01,4.458394160583941357e+01
3.500946372239747717e+01,4.449635036496350438e+01
5.179179810725551647e+01,4.445255474452554978e+01
6.258044164037854529e+01,4.440875912408758808e+01
4.327444794952681661e+01,4.432116788321167178e+01
5.466246056782334506e+01,4.427737226277372429e+01
3.652365930599368937e+01,4.418978102189780799e+01
5.270662460567823615e+01,4.414598540145985339e+01
7.172870662460567814e+01,4.410218978102189169e+01
5.504100946372239633e+01,4.401459854014598250e+01
4.308517350157728742e+01,4.392700729927007330e+01
6.806940063091482784e+01,4.388321167883211160e+01
5.444164037854888960e+01,4.379562043795620241e+01
4.286435331230283907e+01,4.370802919708029322e+01
6.882649842271293039e+01,4.366423357664233151e+01
5.687066246056782148e+01,4.357664233576642232e+01
4.832176656151419536e+01,4.348905109489051313e+01
3.586119873817034431e+01,4.340145985401459683e+01
6.576656151419558682e+01,4.335766423357664223e+01
5.482018927444794798e+01,4.327007299270073304e+01
4.778548895899053406e+01,4.318248175182481674e+01
3.491482649842271258e+01,4.309489051094890755e+01
5.967823343848580464e+01,4.305109489051095295e+01
5.182334384858043563e+01,4.296350364963503665e+01
3.967823343848580464e+01,4.287591240875912035e+01
6.661829652996846107e+01,4.283211678832117286e+01
5.352681388012618413e+01,4.274452554744525656e+01
3.567192429022082223e+01,4.265693430656934027e+01
5.453627760252366130e+01,4.261313868613139277e+01
4.207570977917981025e+01,4.252554744525547648e+01
5.680757097791798316e+01,4.248175182481752188e+01
4.664984227129337313e+01,4.239416058394160558e+01
5.835331230283911452e+01,4.235036496350365098e+01
4.898422712933754042e+01,4.226277372262774179e+01
6.393690851735015457e+01,4.221897810218978009e+01
5.179179810725551647e+01,4.213138686131387090e+01
3.541955835962145471e+01,4.204379562043795460e+01
5.810094637223974701e+01,4.200000000000000000e+01
4.920504731861198877e+01,4.191240875912409081e+01
7.144479495268137725e+01,4.186861313868612910e+01
5.980441640378548840e+01,4.178102189781021991e+01
5.349526813880125786e+01,4.169343065693431072e+01
4.642902208201893188e+01,4.160583941605839442e+01
3.519873817034699925e+01,4.151824817518247812e+01
6.687066246056781438e+01,4.147445255474452352e+01
5.841640378548895285e+01,4.138686131386861433e+01
5.478864353312302882e+01,4.129927007299269803e+01
5.355835962145110329e+01,4.121167883211678884e+01
4.901577287066245958e+01,4.112408759124087965e+01
4.762776025236593114e+01,4.103649635036496335e+01
4.188643533123028107e+01,4.094890510948904705e+01
3.564037854889589596e+01,4.086131386861313786e+01
6.709148264984226273e+01,4.081751824817518326e+01
5.747003154574132111e+01,4.072992700729926696e+01
5.239116719242902320e+01,4.064233576642335777e+01
4.617665615141955016e+01,4.055474452554744857e+01
6.756466876971609281e+01,4.051094890510948687e+01
5.437854889589905127e+01,4.042335766423357768e+01
5.090851735015772306e+01,4.033576642335766849e+01
3.595583596214510891e+01,4.024817518248175219e+01
5.876340694006308496e+01,4.020437956204379759e+01
5.340063091482649327e+01,4.011678832116788840e+01
4.882649842271293039e+01,4.002919708029196499e+01
4.138170347003153893e+01,3.994160583941605580e+01
7.062460567823345059e+01,3.989781021897810120e+01
6.778548895899054116e+01,3.981021897810218491e+01
6.056151419558359095e+01,3.972262773722627571e+01
5.854258675078863661e+01,3.963503649635036652e+01
5.728075709779179903e+01,3.954744525547445733e+01
5.447318611987381587e+01,3.945985401459853392e+01
5.377917981072555165e+01,3.937226277372262473e+01
5.324290220820189035e+01,3.928467153284671554e+01
5.141324921135647230e+01,3.919708029197080634e+01
5.122397476340694311e+01,3.910948905109489004e+01
4.860567823343848204e+01,3.902189781021897375e+01
4.797476340694006325e+01,3.893430656934306455e+01
4.532492113564669012e+01,3.884671532846715536e+01
3.605047318611987350e+01,3.875912408759123906e+01
6.049842271293375262e+01,3.871532846715328446e+01
5.349526813880125786e+01,3.862773722627737527e+01
5.135015772870661976e+01,3.854014598540145897e+01
4.551419558359621931e+01,3.845255474452554267e+01
3.636593059936908645e+01,3.836496350364963348e+01
6.860567823343848204e+01,3.832116788321167888e+01
6.062460567823343638e+01,3.823357664233576259e+01
5.759621451104100487e+01,3.814598540145985339e+01
5.403154574132491916e+01,3.805839416058394420e+01
5.330599369085173578e+01,3.797080291970802790e+01
5.254889589905362612e+01,3.788321167883211871e+01
5.210725552050472942e+01,3.779562043795620241e+01
5.317981072555204491e+01,3.770802919708029322e+01
5.778548895899053406e+01,3.762043795620437692e+01
6.888958990536278293e+01,3.753284671532846772e+01
4.491482649842271258e+01,3.740145985401459683e+01
5.176025236593059731e+01,3.731386861313868764e+01
5.368454258675078705e+01,3.722627737226277134e+01
5.791167192429021782e+01,3.713868613138686214e+01
6.548264984227128593e+01,3.705109489051094585e+01
3.715457413249211527e+01,3.691970802919708206e+01
4.696529968454258608e+01,3.683211678832116576e+01
5.258044164037855239e+01,3.674452554744525656e+01
5.797476340694006325e+01,3.665693430656934027e+01
6.898422712933754042e+01,3.656934306569343107e+01
4.687066246056782148e+01,3.643795620437956018e+01
5.267507886435330988e+01,3.635036496350365098e+01
5.866876971608832037e+01,3.626277372262774179e+01
6.920504731861198877e+01,3.617518248175182549e+01
4.797476340694006325e+01,3.604379562043795460e+01
5.917350157728706961e+01,3.595620437956204540e+01
4.646056782334385105e+01,3.582481751824817451e+01
5.863722397476340831e+01,3.573722627737225821e+01
4.639747634069400561e+01,3.560583941605839442e+01
5.914195583596214334e+01,3.551824817518247812e+01
4.724921135646687276e+01,3.538686131386860723e+01
6.639747634069399851e+01,3.529927007299269803e+01
5.311671924290220659e+01,3.516788321167882714e+01
4.431545741324921295e+01,3.503649635036496335e+01
6.788012618296529865e+01,3.494890510948904705e+01
6.639747634069399851e+01,3.481751824817518326e+01
6.680757097791797605e+01,3.468613138686131236e+01
4.400000000000000000e+01,3.451094890510948687e+01
5.835331230283911452e+01,3.437956204379562308e+01
6.765930599369085030e+01,3.424817518248175219e+01
4.393690851735016167e+01,3.407299270072992670e+01
5.810094637223974701e+01,3.394160583941605580e+01
6.747003154574133532e+01,3.381021897810219201e+01
4.709148264984227694e+01,3.363503649635036652e+01
6.747003154574133532e+01,3.350364963503649562e+01
5.901577287066245958e+01,3.332846715328467013e+01
4.690220820189274775e+01,3.315328467153284464e+01
4.358990536277602246e+01,3.297810218978102625e+01
3.895268138801262126e+01,3.280291970802919366e+01
6.677602523659305689e+01,3.267153284671532987e+01
6.242271293375394237e+01,3.249635036496350438e+01
6.207570977917981025e+01,3.232116788321167888e+01
5.948895899053627545e+01,3.214598540145985339e+01
6.210725552050472942e+01,3.197080291970802790e+01
6.242271293375394237e+01,3.179562043795620241e+01
6.642902208201891767e+01,3.162043795620437692e+01
3.970977917981072380e+01,3.140145985401459683e+01
4.311671924290220659e+01,3.122627737226277134e+01
4.649211356466877021e+01,3.105109489051094940e+01
5.907886435331230501e+01,3.087591240875912391e+01
6.273817034700315531e+01,3.070072992700729841e+01
4.002523659305993675e+01,3.048175182481751833e+01
4.592429022082018264e+01,3.030656934306569283e+01
5.939432176656151086e+01,3.013138686131387090e+01
6.551419558359620510e+01,2.995620437956204540e+01
4.273817034700315531e+01,2.973722627737226176e+01
5.999369085173501759e+01,2.956204379562043627e+01
4.223343848580441318e+01,2.934306569343065618e+01
6.005678233438485591e+01,2.916788321167883424e+01
4.248580441640378780e+01,2.894890510948905060e+01
6.308517350157728032e+01,2.877372262773722866e+01
4.560883280757097680e+01,2.855474452554744502e+01
6.510410094637222755e+01,2.837956204379561953e+01
5.964668769716087837e+01,2.816058394160583944e+01
4.160252365930599439e+01,2.794160583941605935e+01
6.302208201892743489e+01,2.776642335766423386e+01
4.526182965299685179e+01,2.754744525547445377e+01
4.150788643533122979e+01,2.732846715328467013e+01
6.482018927444795509e+01,2.715328467153284464e+01
6.087697160883280389e+01,2.693430656934306455e+01
4.472555205047318339e+01,2.671532846715328446e+01
6.491482649842271258e+01,2.654014598540145897e+01
4.444164037854889671e+01,2.632116788321167888e+01
6.150788643533122979e+01,2.614598540145985339e+01
6.119242902208201684e+01,2.597080291970802790e+01
4.409463722397475749e+01,2.579562043795620596e+01
4.112933753943217141e+01,2.562043795620438047e+01
6.466246056782334506e+01,2.548905109489050957e+01
4.264353312302839072e+01,2.531386861313868764e+01
4.295899053627759656e+01,2.518248175182481674e+01
6.131861198738170060e+01,2.505109489051094940e+01
6.453627760252365420e+01,2.491970802919707850e+01
4.245425867507886153e+01,2.474452554744525656e+01
4.220189274447949401e+01,2.456934306569343107e+01
6.280126182965299364e+01,2.435036496350365098e+01
6.384227129337538997e+01,2.400000000000000000e+01
