58.61986,-0.4387733
31.717789,54.379196
58.30034,54.097317
32.78108,76.286896
45.136227,67.092804
50.79966,39.184826
50.1038,61.20042
60.595154,45.338573
82.27702,38.997974
43.06083,101.485435
61.980442,70.246605
60.527866,47.671288
65.45173,27.265175
73.81198,70.419815
35.21145,1.8397901
51.543747,82.51805
45.13327,82.79737
42.702595,37.099476
56.934505,63.16947
54.693176,71.3089
64.147545,30.506763
65.503006,27.321934
56.48281,64.31383
65.563705,6.3383226
38.377125,53.93772
65.58329,69.80499
82.19292,39.082535
41.345085,87.379745
78.485374,69.13466
65.539795,69.75203
81.98871,38.918232
73.793526,70.08834
45.48919,101.7796
73.913795,70.4899
84.330475,61.97165
55.27026,14.248844
26.686636,31.393759
45.23239,82.91015
57.73493,56.488094
30.879938,81.6708
90.80333,5.9420457
55.0589,66.332375
60.524387,45.236015
49.42792,28.982428
58.59401,0.40700004
65.43781,27.263754
49.49005,29.051352
45.166855,64.95701
58.514835,0.4410857
21.396257,36.989017
34.313297,94.517944
35.67487,0.64545697
35.433735,0.19257636
45.10784,64.977295
35.30172,-0.35472846
47.89854,31.40458
64.23461,30.578606
49.892124,55.671288
64.65389,32.92348
56.464317,64.216835
60.475685,45.210773
49.515694,29.200363
17.275211,1.7158884
60.411182,45.140846
26.447325,83.86044
60.48232,45.229015
50.723003,39.2422
64.04301,30.381514
58.30746,54.14751
65.49204,27.340776
73.78951,70.36285
64.10246,30.443508
28.167652,29.038605
81.88766,38.847458
64.26101,30.656954
65.6597,69.860466
56.930916,58.54941
49.252346,40.090042
71.85296,11.877013
44.88166,102.243515
64.1782,30.539125
102.36977,11.040514
38.584785,49.588303
81.861465,38.81111
73.9894,70.38601
58.316166,54.090603
32.311752,59.66983
49.593407,29.119978
89.12447,19.320942
51.050808,83.127975
51.48218,80.682396
44.707264,102.77376
49.085636,20.997751
42.870663,101.562065
54.61727,71.231735
73.84696,70.148285
49.53572,29.14514
48.746506,59.35563
34.34894,72.235664
50.99293,62.88015
49.06525,20.946657
31.155588,24.976135
51.03412,83.135925
48.7875,36.9581
54.657158,71.183525
82.83734,18.35813
82.09375,38.92345
85.90245,26.038486
60.53337,45.248615
56.896526,9.915492
20.774736,39.857525
33.878475,84.38393
62.762524,36.039093
53.210888,74.9535
46.93662,73.68852
50.02463,46.911293
50.772064,21.563194
49.356224,53.213234
61.27003,10.333785
54.35654,17.712437
87.32019,56.852
80.59531,68.6587
67.78422,6.584503
32.097355,59.70229
84.40277,62.042744
45.979366,52.194496
55.322815,14.156584
36.708168,50.27102
65.47907,27.241436
50.04547,46.972046
73.73013,70.25688
36.511204,101.79834
46.427788,33.742447
40.380474,43.210697
53.33692,101.18458
80.706436,68.59385
65.606255,69.794
36.451546,101.65756
68.05237,6.8205276
50.001957,5.6904664
46.554382,33.68734
49.98422,33.409683
57.787827,56.49017
65.50399,27.295296
73.81887,70.278305
48.179306,75.35197
43.648434,12.986829
49.914173,5.4289656
56.99073,63.27553
58.60685,0.20278016
65.59039,27.482588
77.931274,69.3543
66.007515,11.676862
38.153633,54.52522
28.068014,66.92834
40.4448,43.318455
71.32426,7.329664
60.504974,47.647892
51.531746,82.46985
32.128483,59.732567
49.61278,13.790229
16.88669,24.0595
42.70555,37.22919
45.14737,64.92946
82.03482,38.80902
17.56864,19.834654
62.704613,36.028774
48.759773,91.23082
65.58844,69.78669
32.465675,67.449455
73.97336,70.29217
42.456184,86.70154
1.4928324,12.581792
62.692043,35.980278
62.02514,70.30161
49.899097,5.4808006
39.540596,16.242409
54.67483,71.248726
58.260166,53.995827
49.998947,5.532639
86.77621,18.909876
99.059746,38.439034
73.99677,70.29206
88.99418,11.458814
32.478485,76.65302
47.07558,73.82372
50.916435,62.84049
62.788258,36.115295
49.792377,55.535774
43.69015,51.36345
44.98386,82.78944
84.66693,35.795948
35.01079,1.2476773
81.95227,38.929375
32.506554,76.311455
62.789608,36.09033
45.157906,65.00382
45.046192,64.92025
58.58073,10.58441
48.862625,59.43424
32.091404,23.942966
84.7316,35.865654
45.1401,67.039
35.839703,0.08475146
65.60685,27.373817
56.936985,63.18765
42.631332,100.73628
51.66677,0.9938132
70.04524,11.351965
23.369703,62.85821
35.67742,0.73584074
81.90541,38.78426
50.006763,58.97075
50.078995,61.0875
44.07032,12.750754
39.488518,46.337486
53.338787,75.106705
51.150856,83.23173
48.32885,55.082237
47.347538,95.38514
73.76331,70.29833
17.495707,9.708237
47.647495,52.91775
49.55611,43.81377
57.757713,56.452698
82.04711,65.77005
31.764156,59.605614
65.629135,69.79129
81.97503,38.841976
22.518036,98.981674
49.47011,44.045742
39.511414,16.037872
40.402462,43.215073
45.013435,64.892845
42.401566,86.9205
51.480312,82.41933
89.98765,5.539165
50.063156,59.01147
56.924286,58.578903
54.70617,71.265686
34.247967,84.69781
46.948868,73.76914
49.92121,20.291172
64.06637,30.41944
67.79895,6.6640625
45.19257,65.01424
51.496475,80.77333
49.855114,20.183252
38.510185,17.450993
58.11123,53.89026
