71.396996,91.54345
72.10742,85.41545
62.282772,90.215706
21.22466,85.081085
62.349827,90.95331
47.048225,49.935234
18.130436,67.45489
62.5522,49.88856
49.93284,85.33917
59.337452,67.43439
33.999687,85.294136
43.791153,87.75224
39.44157,32.016426
43.701912,67.71739
51.442684,32.013077
48.7385,14.252072
60.63133,31.988714
69.793045,31.940708
72.05499,49.86469
68.90585,67.6265
72.04437,67.50724
57.3895,14.083957
24.351753,49.73374
78.727936,49.846786
39.388115,32.11828
34.133247,49.809082
62.550133,85.306946
45.567326,32.072998
63.725945,14.193974
63.529305,6.713087
56.088287,85.12206
59.497734,67.611435
21.032679,49.67302
79.1214,32.022243
50.228977,67.68819
60.52882,13.981621
37.128407,67.65309
26.971903,14.24494
46.88264,67.60414
43.951683,67.796036
33.676193,67.4798
60.474266,14.206719
37.22155,67.583855
43.587387,67.58147
43.566685,67.46599
40.6356,67.630585
54.439476,14.200826
56.256287,67.58011
58.462807,5.1951275
66.57837,14.149965
43.904366,67.57357
72.080864,49.819427
17.521482,31.9686
75.95975,31.958454
57.48475,14.291597
35.766426,14.171474
45.302174,14.231652
72.873726,32.001644
39.27252,14.304256
36.079235,32.02502
72.15277,85.3835
43.738655,85.26406
37.431953,49.88609
37.356953,67.60323
65.60194,85.26162
68.712715,67.45281
62.588398,49.87278
75.376366,85.347786
71.65809,91.73404
30.66081,85.1846
24.018867,67.5671
68.74059,49.73524
72.39399,67.7178
60.567806,32.008984
33.742836,49.67513
50.70544,89.99143
56.476246,85.561325
54.4299,31.982061
37.874325,91.11563
81.748024,85.34856
56.12564,49.728523
78.7795,67.74092
40.742268,87.46115
43.855404,67.622826
50.06584,87.68129
78.603584,85.38495
67.96351,91.08578
40.42189,67.603065
48.473045,32.12733
57.62662,32.110264
54.600937,32.123295
59.499203,67.62481
63.55917,14.159499
82.2465,32.027275
72.85838,12.50613
75.52203,67.63277
81.62874,67.475525
84.687836,49.82495
26.701458,31.888763
36.22831,32.01862
42.38699,32.08976
75.20047,49.788635
58.401165,6.322968
50.19523,67.6881
48.31306,14.238234
55.148148,5.2950425
39.02713,14.125459
40.391613,49.76776
58.44295,8.079657
59.401867,49.85246
75.4854,49.750004
32.964565,32.04102
40.519623,49.822628
23.455473,31.686104
66.11676,6.3842916
66.51894,31.96621
35.84683,31.906727
72.676994,14.256687
68.819405,49.812443
39.437454,32.18681
59.265797,49.739285
20.59153,14.298146
69.818184,32.03923
69.62428,31.958433
66.14023,6.6583676
39.46369,31.982729
75.85704,14.159257
76.1827,14.3139105
42.507298,32.065
82.284454,14.317237
82.0277,14.174789
69.226326,5.6925554
48.48858,32.04323
46.831627,49.79236
66.23937,6.653902
42.364307,14.32779
49.908443,67.57782
43.82131,49.938065
72.76348,14.225367
68.99975,85.49244
65.482216,67.33843
18.183693,85.06245
