79.26573895541421,8.576485743725257
61.18319541816443,67.1889436479127
55.64706435017083,8.50375714442083
99.62191174937463,42.11371918329883
65.07750168231176,54.48300909209535
60.728111218387205,97.36993705536989
52.8718376343462,9.557312141189435
30.593826765379134,37.80214469234455
93.93207080231765,32.13886125338325
39.44161673084439,79.56847911961388
27.751906541348106,50.332218670534736
29.22264306399676,40.29679648729237
51.65454405506944,81.64332905843482
53.71910305392145,12.141910680939656
79.31048055198465,46.11959070833204
55.253948314023745,70.63808354605715
58.129781212893384,42.146817782509714
47.46905549339596,99.77126671726552
36.50592912266122,72.16076842886551
70.84088952155584,41.98698294389593
28.30615805055315,43.3161167563667
64.59563690338155,54.85310151590459
26.810174828979445,20.136465178358694
60.88970610516473,64.70872748532126
34.62461397215805,90.32657568699105
25.742105234167404,26.660350003134123
73.69104700763647,25.096846330071173
68.38181740708589,58.79386951025077
54.03786357887012,98.53411291806576
80.47355220710425,56.90804255153992
55.726551214900006,99.55484225785924
40.398322860714785,70.9057500699899
40.939280677129524,64.19622656173719
57.731188222108706,98.6177296512141
37.84426132982742,59.44804079962571
59.83214676616474,27.717635671940627
42.992409375652656,53.9875315355512
40.62523640857749,70.06616243989863
43.66796917885505,77.80353170176133
33.65354284767151,11.1115455357525
58.022861836818166,89.52948597668713
53.541531318936194,12.795514788906411
68.07638410553304,32.27246713719808
39.65763153041389,71.7845855119624
42.437129687019606,8.710098242418733
63.145113276153715,39.92674068627882
75.99120087964397,33.86911215013069
67.03111228390145,40.17768367492295
34.28084882688699,63.52848541326284
39.311680335942384,93.98602907240834
41.71298814624911,49.72113310480044
80.40755690654504,59.25794217039369
50.2321515755874,13.463758928053725
73.63103802210304,66.29584222721265
54.48964137613505,15.759798706966206
40.659257084175515,55.90442271354652
81.34674615180995,29.6306437451394
64.23093761221477,67.20650962328254
49.745115763686414,56.930162028450724
41.35829427037128,93.34502972926437
71.3666092758369,67.97370254544789
69.27901286010643,60.78393544675325
37.71935914614864,24.40232322078897
31.884328880963317,18.945739514858424
56.91625682470883,15.614127968479423
41.31305275729396,92.17934683999786
46.228957546069516,50.84237653667557
50.629737033430736,87.16107058901356
47.37047553358271,93.88524444687638
25.702069245095842,26.363427070607592
33.991974635707365,27.40101649130227
17.289727280063698,35.254577053504214
40.66955528116151,69.20535376168999
82.17301214992081,51.37174721941754
39.99358266666541,79.14100468851676
40.30136036523301,15.627145522410727
60.49621024682477,26.66405786343553
29.23818050206126,17.772623330996527
33.6064948280394,45.62343722129194
86.73721837942682,48.26933274100044
42.6867641539312,13.61304047564657
58.27225612230816,84.3661918887669
45.626584637413615,8.40142327132072
58.98545937156489,34.13944364834668
62.19104694299679,52.29276890776666
87.59526013530687,47.943468677230335
86.99397144781025,29.414687396093065
70.54547346341747,67.0905364373366
63.344713596042084,46.39350446424038
53.247398531098014,8.997253910605409
20.019049363678477,58.635455900797076
56.477736153882105,11.33418082007657
57.70647288108238,89.02554806797318
88.67351304511568,47.95212829150081
46.566456696587366,69.03542239745423
26.295686130414936,63.80538878202547
47.94040219233481,74.63585376248962
66.19528784770209,52.31874605837238
86.87643226161177,29.652729187843576
79.0361767011704,41.49234068444145
59.97069140463356,31.287159725775197
71.58870384471369,25.872779320487407
29.542612747361854,44.19835746604753
31.565376250330385,68.10496420637317
56.004333296294675,16.28016021296356
48.252586173427474,92.50924546662021
76.792282078059,18.04345963925094
50.214005785357465,18.845799400933387
70.13845188754166,48.22649876938878
47.53263044802559,89.49293009835036
44.44133369704112,8.389614322984901
77.28308260075607,31.32204164459581
88.35165923572286,48.60018687672759
70.27406694698837,27.730090877074492
34.98909490076811,33.01568644793583
42.676081484483404,82.65486679221212
46.65036909564337,71.48540157032978
78.39087052069094,12.339852159908052
60.76497726588771,32.52676226724539
91.57895124818843,32.02768749826823
36.677453785563664,62.19625424889302
53.991032596065736,8.724487809626533
57.81358541187251,83.66977070184056
55.56156916520688,13.874789203546152
49.787413985361006,41.75499529885905
62.956179857401246,92.64735390720656
39.925656090679894,8.886848024915203
86.54980747670618,47.195750201144484
51.269096390254184,72.06708500628102
46.97612201229765,71.17667688540766
81.91266412378478,57.32053977765678
46.533800477560085,92.04539438310707
53.76575279492836,11.448362144173746
69.50191913901097,33.85571779917075
40.43197415961122,43.26384963073265
53.29287060690672,8.073515430359885
67.12162262594764,33.9562834557307
18.472280164648026,40.15129064257776
56.3429242284468,12.42006289623808
57.72118922292694,87.7068276222553
61.0149408612279,54.979991158405724
58.335864380082526,79.62295633529385
27.777051579189365,64.44062759552153
59.50283195407582,30.250855500663985
57.40691757956345,81.82034288907501
48.4469970581875,64.57810108271077
38.31176626593157,69.28073162084289
51.63940103141144,8.151660163225545
73.76994729055131,33.04463001380961
53.98594191306632,70.99983181752089
43.678808199217634,58.87056460071979
61.10640622400923,85.06458327370468
73.33705550304381,28.423966736571362
39.06000752115469,70.40165661086972
78.4136172198539,39.75686332450737
53.824013961977904,12.217198817128823
35.61459772010069,36.42049990413047
34.4178844111246,21.4608755966169
52.649275545477195,99.97820448851124
42.04541787718445,95.99713820336088
46.86454010197384,67.60446552396117
38.667991106087136,18.486119476304236
56.9283791541898,94.52720662593534
78.54417401967437,44.41077619734763
38.58905858753265,12.062521123525979
66.60543097335562,32.889483866663745
62.808807977950636,84.49035101374517
54.97273333772353,29.907766589664277
52.464569578345404,11.30793858046382
75.48535825132636,34.72946679282288
44.91360783845895,8.929550978680766
53.44202611692269,27.260211956730192
52.112334902116274,8.697447011105874
45.31144368893947,58.239335306172954
27.643479685710453,54.80870504604904
48.38501750980971,54.08803719442248
31.692621684433778,66.41514100747662
69.7433131419526,35.4178826502995
80.86217666209349,41.07402627560954
42.60045989610552,20.834207641549657
57.79961199773154,85.0159844378064
58.364557688175644,67.5771871986959
42.15756957445923,76.49582205275104
78.89971204648093,8.376704622629772
86.48585809916611,30.715232405018384
93.5042491935933,41.0796375034798
58.43627213612506,13.04184136639716
54.29547567167581,9.0469352410616
54.52791636130528,9.667535929881728
50.46974086853662,77.03969821396046
66.71024260089987,64.34221353637028
73.94134718873889,30.68187056309374
71.15457175477638,43.130584205366596
34.37054496124778,56.78040406665483
57.15894065811903,12.896271687991039
53.20470417510835,8.698198780492133
39.44929523077357,39.663444271728295
29.13772886451451,59.02842221878554
64.94212071619496,66.60082726870442
58.02417543885887,86.75622891678705
49.18442732136297,91.7431842764669
58.819462865344114,16.742333973604335
52.93273042974053,81.69047002474723
36.745202496882925,63.01821796656267
35.74978009385809,8.092351611403895
21.06265978338656,32.77522098400989
42.84829246034257,34.06206862728071
56.891418429404204,78.3399485362664
39.681747767015466,8.723490993130312
37.78154955404441,87.49122587192554
48.17095586458583,66.94085146056938
52.04232230086499,78.06958503816787
88.19206315185063,42.418592534944594
68.80864718278748,68.3720563843556
59.18337617060216,21.28516411394073
75.89445610493043,28.97881224028154
42.41393539397666,15.765936872651825
34.708976059002886,68.2797289459295
36.525070656276256,39.65248048745985
81.97766261350844,55.15788298609906
62.67728527171832,72.48231461482287
53.34810573393553,13.538511118589149
52.789196917241895,13.876227490353028
35.875699331188784,81.71103934398293
83.36837068063645,52.203855206216026
58.18502322115433,50.37801726107289
83.66899219487408,29.180590276603684
61.016878487658715,26.001311685895715
56.41018977680953,79.18191809227253
35.73792484028947,61.89046962237652
28.306780021726166,35.10258395627876
53.12346006776358,85.16431661596705
58.839075300673194,15.200987072160817
66.41527759935188,67.61804530266228
58.31601464296228,76.70320934126354
35.24818002356705,29.682436443637986
50.19138160143257,27.89956225671603
53.363548027357155,13.91434356435757
33.92825977069871,15.522372151787787
45.283087959403055,8.697157946422221
36.759559737460265,30.811047155675194
53.70674061571997,13.779004181568977
36.20051206992012,33.61751383599513
70.27806988365454,31.830295482322715
50.075552909384434,47.013979291126
47.79695290733937,88.20578255437522
57.328626543631,82.03026183263913
50.116271939250346,29.57841960215818
55.81340135659414,94.24174281440402
74.99289454705239,64.79746407849842
