68.864204,31.580593
57.145744,9.0538025
67.849205,37.352657
69.8966,11.337054
52.54204,43.613117
67.72617,37.28684
23.269619,90.68815
80.081726,44.98731
48.263847,24.089396
90.07213,34.75704
50.735004,33.54272
62.41198,58.063904
70.1565,47.623642
43.619846,18.37947
43.312824,31.10328
69.24737,58.779453
46.803905,35.808357
73.879295,9.606578
56.850674,59.84221
67.15691,38.197296
66.26967,63.596394
25.85066,43.06026
90.538765,40.543747
53.424435,108.64773
50.250748,38.20178
17.377726,77.93215
90.74259,39.955845
68.92254,58.60943
47.573246,25.933165
55.44291,109.137375
67.8215,37.320953
57.354416,64.996
43.177822,31.131294
66.99446,64.10815
29.918694,49.239388
35.730076,108.53405
56.395565,8.046448
74.84122,33.870533
67.70758,37.303337
68.00093,37.457344
72.341415,109.79418
73.75573,50.33871
66.44572,62.89483
69.48685,14.788437
74.932976,13.258926
36.538155,71.20448
45.469288,109.314186
56.322826,8.866725
66.08197,37.286777
32.659443,100.96715
64.69037,7.713024
27.767454,62.890675
38.650955,109.04558
53.712017,55.159042
41.803684,16.145643
41.855366,87.335976
63.82009,52.42167
28.163664,7.73018
54.649998,108.76923
29.657707,14.111173
66.718315,52.115932
39.454853,80.31027
32.548603,68.81752
41.93972,57.285408
53.28845,54.48185
43.995075,17.408102
44.4522,54.662945
38.97512,89.06972
78.169525,51.402454
49.52575,63.32033
46.26641,55.915268
29.342783,56.58141
60.97528,72.12988
23.206272,81.60828
50.83569,33.61965
73.88673,49.172318
21.733358,70.855255
80.930695,45.31124
63.93253,11.72961
25.498707,107.62577
46.855064,35.911907
67.57303,18.54248
57.385563,65.05936
46.45622,27.078903
52.917282,19.680817
52.440876,60.61479
42.314457,22.356218
49.211624,58.097492
41.979362,25.30157
65.81137,62.709538
52.85156,8.537476
69.25002,11.755134
49.694473,63.816895
57.32351,64.979065
37.219364,15.137902
49.458855,108.788246
67.75888,13.706352
68.67228,31.296522
50.86587,41.10276
60.00118,67.4581
43.28939,31.38211
79.67632,51.18818
63.794556,52.36589
68.53699,51.31677
71.67043,69.89345
53.91204,61.295467
52.349716,12.685849
30.400396,74.66578
43.734524,35.78264
51.704,60.493465
66.74897,20.58518
53.146336,7.6342807
36.288086,65.81117
43.085308,39.290924
81.75365,81.39492
51.11648,33.68
41.783623,16.095358
78.14502,95.6807
63.37911,62.12742
49.406776,85.10183
42.01268,13.038043
53.13576,8.499
30.262987,74.51477
90.0781,40.584183
63.117245,56.672703
67.81433,37.32115
56.345573,64.25609
76.01768,26.353106
49.635723,63.519054
44.637268,54.08708
82.33647,31.352999
52.862698,19.544971
38.338383,74.74493
91.042206,34.78686
53.48878,54.70037
52.534157,43.563293
53.40979,54.56261
56.8744,17.608765
46.842384,60.034454
77.56222,29.801304
98.39982,28.784071
59.124226,67.12536
26.545849,72.29608
31.825602,58.896194
56.88146,7.9002995
37.082584,56.231667
50.541508,58.058327
50.07785,38.16526
58.06538,8.203786
61.105907,59.685894
48.904263,8.472056
39.59896,80.26722
65.832535,62.69117
50.645042,58.082767
31.62144,59.928677
67.87847,37.43016
52.495132,43.400578
33.524544,60.92082
51.898304,88.95278
95.35947,32.10942
26.412144,42.59069
77.72233,16.299675
31.037374,63.41427
53.242573,44.56934
43.56878,18.161993
46.247364,55.889854
36.409443,57.509068
59.16595,90.10694
71.67118,81.988335
43.286846,14.184644
41.055214,78.68644
69.875336,52.207466
23.756931,75.418686
45.77317,85.26848
77.97949,51.230022
52.91885,60.549458
62.339066,12.499899
55.465565,95.357796
43.670547,18.77717
81.37765,44.328148
43.547626,18.207518
53.839714,11.967612
90.73924,34.559658
99.705986,13.355365
58.521053,8.076785
49.44289,13.450952
52.70325,108.891235
56.36908,7.976578
63.943104,52.513474
88.39558,32.620422
29.81508,14.232066
51.14632,7.800672
62.557056,58.174038
51.312508,96.92107
48.175278,61.861862
52.190414,95.77459
52.938583,41.91223
62.17691,12.454451
31.688562,21.11388
39.805107,83.66441
37.10991,73.29025
40.11017,52.831326
53.288315,87.78345
54.1034,11.767828
35.407265,64.68183
57.566723,65.09907
74.54617,73.123436
31.99039,40.319386
54.85869,57.633953
56.32827,8.348658
31.663376,107.737785
31.603449,108.95285
52.572674,12.956713
93.841736,30.393744
46.484406,109.28406
70.41541,66.334366
38.862724,86.23089
52.56644,43.587585
66.7068,52.06819
60.292236,60.051323
28.659067,34.200752
59.25585,10.341127
24.533356,89.62542
71.83043,28.151258
73.06332,78.695206
46.701378,35.851376
56.347572,7.2650967
39.256535,88.293365
29.666283,14.393199
54.236313,28.131445
57.388775,65.00584
37.157433,73.399666
37.839832,98.30643
28.6784,104.72978
44.771347,58.368847
58.60284,24.061554
66.36067,62.864906
42.194653,54.511517
101.856575,28.681286
64.615715,7.9861717
78.159874,51.904556
53.489365,54.70482
50.0868,38.66576
42.36572,7.7447724
29.679821,55.83866
98.17172,13.136188
52.780094,8.697464
74.312325,27.679321
56.647526,17.507696
67.35993,38.499615
36.326836,66.3935
56.553833,17.926073
50.794952,41.030983
49.49058,13.332003
44.56732,54.01559
75.04928,13.37318
67.03514,72.499306
36.264297,69.552216
62.627636,58.219658
75.00002,13.175128
65.795,62.60898
53.073452,44.319717
47.662144,26.003931
39.2092,56.733356
67.33259,38.460297
47.65351,25.893068
29.42348,33.170467
42.328274,22.483583
57.319935,64.87611
42.226734,51.947655
39.588467,71.75579
101.45363,24.617125
67.57607,10.931138
19.174664,74.82863
91.16496,30.916176
28.815998,34.33162
81.63665,44.477825
39.505405,71.737335
67.32857,38.41052
26.984566,46.73194
53.10578,60.702732
71.74699,73.2906
67.42486,38.411896
81.597,34.908157
25.939487,92.07995
38.32633,77.772964
63.11706,56.537323
70.266266,72.78927
81.445946,44.145344
73.88004,48.974834
32.025932,39.710197
61.141014,59.81925
63.54681,12.117941
60.995415,59.623257
51.00022,41.322998
68.08507,29.224012
74.380806,50.005886
31.665148,21.271477
42.456234,52.00285
26.443287,52.02749
31.627485,31.344364
44.54611,78.333115
78.4112,30.751507
57.47573,65.06918
57.23508,64.89756
45.89874,20.002775
57.140617,10.63056
48.962563,109.3429
63.95069,52.504284
38.79951,77.262184
24.185066,91.40847
83.765305,44.235023
64.0206,52.49827
48.28275,60.20476
67.85166,37.268112
32.424072,28.381435
68.10538,31.429518
58.250313,91.247215
57.404022,7.8472233
31.413027,31.423029
63.580246,12.060309
65.198425,54.817726
37.133373,56.37013
41.586544,87.09353
39.371597,13.259928
64.40357,15.621378
64.00868,52.53887
77.95242,45.1723
46.222977,55.83896
69.40228,28.136562
51.59694,17.258387
53.190243,8.31929
48.162224,60.178883
65.42024,54.88362
72.079445,28.4382
59.40902,11.336615
59.11668,59.40788
67.20588,38.308395
42.181267,41.08962
32.12051,68.31879
42.10327,41.05528
51.156494,18.65724
50.58181,33.30259
46.261665,55.85988
44.65853,54.122097
33.426277,37.462223
65.80919,11.523308
56.189228,8.131799
23.970669,75.62653
80.49223,45.16257
79.19933,31.162323
52.83627,60.591373
59.13605,59.4253
93.82696,38.442455
43.71642,79.10817
41.223083,78.824776
57.28829,7.569651
79.25837,51.003117
65.98919,62.82177
33.534897,104.37253
48.316406,24.10743
59.597595,108.95002
19.394758,71.3533
31.929712,107.81897
68.08151,29.092054
66.26707,61.9022
67.34188,38.490116
42.11411,25.151836
30.113068,17.439005
31.595156,31.484
52.09404,29.880728
42.25312,51.93052
74.64837,33.965073
57.209743,10.805603
26.012081,42.954433
72.342125,53.882824
37.23491,15.255645
50.871967,27.338219
29.159403,67.527794
39.503166,71.78583
46.883907,36.01425
41.136787,85.10711
57.304214,65.00994
66.56226,109.140976
49.65071,13.496653
30.77233,32.05126
31.810682,38.39813
66.33313,37.385746
52.816044,12.448691
50.34456,38.219193
27.531733,107.64143
68.09868,29.251476
28.572374,34.22086
44.369053,88.71362
52.49921,43.53024
54.22744,11.8130665
53.000343,60.637054
46.9374,60.169594
48.02141,85.11811
63.9083,52.427143
29.35428,33.13629
69.90856,50.56457
30.529444,18.353853
36.16665,69.4925
63.28092,62.05493
51.020123,41.35228
72.41918,49.380314
53.25177,54.426174
56.61626,64.258965
76.6009,50.85716
52.492424,43.51932
52.25625,30.065636
49.632465,63.366238
27.247917,106.26972
68.713326,31.354374
32.07455,109.37194
50.834274,41.08211
53.375683,54.594418
61.0669,59.683014
67.255714,38.338913
70.128265,47.598766
49.182796,8.090648
40.02552,92.2119
53.67518,11.75508
78.16045,51.672802
41.093918,8.009161
40.160725,52.91428
87.88965,42.72862
38.733234,88.56395
29.73967,14.314778
54.817734,14.651321
57.948254,97.21298
67.351265,38.451923
42.021606,25.504868
59.086216,59.3563
67.167145,64.31027
56.540134,24.487446
26.750769,106.780525
61.57659,109.08571
74.94354,34.035667
73.68938,108.88637
38.954056,88.52963
32.0036,66.90269
37.425446,15.044999
77.454155,19.700155
53.789143,11.673937
50.960655,41.274162
48.324314,60.26962
49.088516,57.38615
43.305008,31.295021
18.624416,92.53967
57.738388,8.028123
68.030785,29.062164
54.1107,61.369884
32.50096,26.119083
57.345676,11.486975
30.013351,17.730713
69.5889,28.120934
56.873116,59.807945
65.87265,62.694733
58.89591,63.777206
31.55227,13.690691
50.89607,41.178776
31.264042,16.375391
79.628624,94.52211
44.32971,55.648037
67.69656,27.89772
42.19626,41.10311
65.7679,11.568013
54.769077,15.389639
59.994396,22.73981
77.86648,16.194828
56.47528,17.80052
41.991413,25.199644
60.192085,109.23918
41.70523,16.09723
53.098495,56.372158
42.34424,54.436424
30.285196,62.15359
74.27682,27.140778
60.76816,65.991844
69.120384,58.688908
41.17094,78.85026
57.376793,65.02385
33.39657,37.99883
53.19695,56.570454
48.838764,86.07801
81.54753,44.40206
30.363024,18.030735
56.463394,64.38565
53.041664,60.630764
66.63232,52.010784
21.504805,70.66472
41.516457,41.446
49.555893,63.379566
42.283813,51.9716
58.67591,24.05526
29.598259,14.489173
68.04023,29.13757
45.745445,19.708584
44.820454,58.398533
68.02917,9.293079
61.422405,58.51805
47.154884,85.35084
53.749516,55.433968
53.10925,44.37152
50.127266,38.219517
75.351715,29.334637
44.858818,58.46043
43.51848,15.927074
96.93615,28.67122
58.641296,101.39023
52.703274,12.223658
35.847584,68.019714
39.313644,13.176507
39.258453,80.29547
50.360416,37.62754
55.01443,57.715694
72.662735,74.23137
65.53268,62.566116
64.59899,16.033636
70.84116,71.52842
49.671196,63.524662
40.53603,83.93595
33.433006,38.026665
94.37317,32.356197
47.50551,25.80678
44.946213,58.380653
61.193054,69.504105
52.847416,43.927124
37.554737,56.84913
59.53315,108.70317
37.133026,73.41228
67.27051,38.450623
51.491264,17.1104
66.35524,62.825394
95.10549,14.879838
40.326416,15.014723
36.46761,66.012886
32.919353,107.69356
65.871895,56.291286
74.00915,49.113583
50.732834,33.564667
43.326912,31.255066
49.634514,85.458694
52.758022,63.240986
57.414062,65.08424
50.97695,33.714558
69.79197,28.176323
47.573753,25.959301
73.98985,75.11995
61.04193,59.696964
49.01235,57.537647
42.146927,22.049221
27.92296,57.97338
93.77836,15.234824
66.4898,57.42155
46.234943,55.87294
41.35054,78.9953
54.124397,27.9983
49.33019,58.096237
91.002304,12.419547
67.35682,38.39649
34.89039,39.06253
102.72832,21.888468
42.401604,52.048355
44.5215,78.06561
53.844223,55.500175
63.828373,52.440567
68.1782,31.517801
39.73081,95.85366
65.2592,62.49536
49.506245,63.539413
43.601166,35.7762
31.973972,8.245604
58.5493,23.72632
63.33663,62.04759
61.46545,58.62878
46.92004,35.92291
67.266304,38.441296
42.159275,22.235987
78.35089,14.751124
50.92725,41.218582
50.119663,38.1751
56.567955,7.9612474
35.305737,64.68151
95.738594,15.143388
70.27907,47.6761
43.17237,39.323307
40.633083,12.384259
41.143414,85.05278
40.948807,94.445564
55.496624,25.736673
38.514374,77.687195
65.95026,62.868835
40.03068,92.26849
70.69784,108.65054
33.411396,71.50567
50.263447,64.64049
76.63596,50.753807
67.21688,71.70667
52.48066,43.53084
57.06946,8.454836
63.391624,109.121666
30.090294,17.38639
50.109417,38.190403
41.998127,25.387293
67.21895,63.632286
26.072357,43.009586
100.96767,24.762228
66.00422,62.89387
39.92896,81.95115
42.365208,7.3317804
63.311295,62.082138
95.15299,9.19439
55.614815,25.81865
52.95106,60.578674
52.769432,12.195995
46.76208,35.77856
53.188652,44.466026
42.247536,51.898243
67.50841,58.090626
36.49217,71.27203
35.578053,97.4531
74.67364,12.336435
67.755875,37.391308
62.561794,71.89459
43.56422,19.17383
50.804554,41.05866
67.835045,58.19809
43.345886,30.703526
58.061485,89.90379
33.806625,100.474106
64.478485,15.838534
40.31815,95.528465
49.969837,84.75537
62.283314,12.282166
77.6707,16.250557
63.19138,56.774876
48.386196,109.11113
39.388657,13.369834
60.042202,89.818924
57.399815,65.05405
49.541855,63.48131
71.02693,75.27924
50.32643,12.1064825
39.334625,13.296396
75.40069,80.384224
56.64317,109.22828
73.89447,70.05087
42.074104,13.120368
54.449543,12.010826
34.17433,7.876782
56.653164,7.6872044
49.290848,8.424324
43.700413,35.846703
40.746067,8.531395
48.19588,61.70836
52.983826,60.548676
66.04817,62.9338
68.18014,66.409485
60.319756,22.74461
69.69655,50.344513
53.27863,54.47845
32.154408,40.218285
20.048664,71.52973
48.899265,8.358372
65.287315,54.776356
49.51913,13.362935
67.73134,58.16901
19.262949,74.27583
99.12539,33.328957
50.08793,38.213398
70.270035,47.90581
31.43849,13.569924
66.15039,63.03633
77.43645,75.2653
57.40205,65.0223
76.585236,31.480421
51.653847,101.21962
42.32766,59.759262
32.381256,23.547918
31.071465,108.32119
52.441853,43.447617
83.838875,43.82331
77.75342,16.111366
68.97253,31.933348
68.02425,31.320404
38.51725,74.7796
40.72874,7.7579107
50.764885,40.99516
95.72246,9.61415
63.679874,13.778987
45.106014,79.51383
52.765106,12.411601
32.299088,27.977207
60.165257,63.343143
44.96599,61.812447
56.086933,8.204333
24.590706,91.917595
104.83844,20.0488
39.84219,7.82122
65.43305,62.593857
70.01102,109.0217
68.28845,53.339638
72.715324,7.69389
55.77357,17.148678
76.66186,50.75451
64.792175,20.605076
77.28808,21.17974
26.065382,42.92494
62.63326,9.142606
27.81547,57.696476
50.090015,64.70837
50.722134,33.506042
86.408356,34.722237
32.27005,23.115541
64.012596,52.60696
70.08168,47.56178
43.62416,37.499664
33.413963,37.999737
67.59519,19.864374
80.82518,44.1624
68.118996,63.97925
56.574234,64.33628
60.01353,22.721664
49.47858,13.117178
27.237118,46.57104
52.503613,43.534733
47.999958,109.27981
71.69645,28.15815
90.40659,13.632666
50.13007,38.236767
63.522057,12.132516
62.25537,109.35725
32.39692,26.247187
59.825706,22.60444
56.457024,64.326935
49.56785,13.495645
53.357555,44.583633
33.097775,108.43077
27.137926,54.95972
55.60194,25.753128
34.778336,36.32448
67.36048,38.48727
43.16939,21.440891
41.03535,85.38743
36.112705,65.70212
49.02932,57.279964
89.57004,42.107098
57.474155,108.747025
68.071434,29.184877
27.857769,34.134117
51.872223,29.558683
75.03825,28.663784
67.39034,27.391533
53.16225,56.522884
50.64434,58.112305
70.24701,47.732735
104.79656,28.956594
41.088585,84.97408
62.70079,21.537888
39.498547,71.636475
44.926228,58.467575
54.898155,57.68466
44.21523,56.079506
66.57351,63.903156
90.7311,12.5522785
65.794685,62.649426
68.07005,29.251362
49.5667,63.49386
62.514103,58.161373
55.513626,25.69316
35.02544,64.53746
67.410126,38.4261
95.62427,32.243435
46.381084,27.110456
66.691315,51.977047
100.57609,24.66425
34.51787,12.305833
50.159214,38.2509
53.31054,54.517937
47.308983,109.13748
43.23089,31.19953
67.3757,38.44148
57.41458,64.96667
50.924873,41.172993
33.46074,61.02504
27.132738,46.766903
41.29001,78.83456
41.223007,78.88359
40.28776,95.73932
57.200314,11.32482
62.478485,12.685133
65.97321,62.804253
23.470417,75.75072
61.118313,59.74921
41.13906,78.848785
46.612286,27.168335
39.636234,57.266304
63.719635,14.022503
40.02035,52.923958
36.48596,58.856678
45.86835,19.977097
68.69231,51.359085
81.72123,44.111984
26.465635,42.247017
59.670975,62.342457
42.09657,79.18343
48.37186,24.254719
28.520582,65.04045
46.400215,86.71865
53.729004,11.964036
47.946327,7.902347
74.01453,27.63659
65.24743,18.94785
78.79701,88.0058
35.515926,97.473526
66.11859,63.680832
46.82417,35.92658
66.64118,20.671738
26.023624,42.89227
58.96393,71.940735
43.996693,16.620682
67.31917,38.418007
73.589005,9.118488
49.395397,13.226934
61.049644,59.69544
74.06098,49.049763
34.640633,7.9943976
18.641,89.834946
74.44973,49.993282
50.761005,27.170574
38.574074,79.62596
55.384865,109.08689
67.866554,28.965973
68.70764,52.48026
69.512505,50.20904
51.98487,29.524857
57.23934,64.92386
47.063755,108.62547
53.276703,54.477688
44.591347,54.09671
54.522232,12.012154
93.755424,10.001618
57.91427,68.054115
41.80948,79.12342
39.35449,56.526497
19.0317,74.51652
48.658844,7.7109013
19.229248,74.84432
62.547085,58.12706
55.011406,57.802715
43.486855,15.710603
102.9153,28.881304
