146.43944,64.92314
129.32475,67.25056
80.80409,98.9681
-14.386281,58.21069
99.1363,68.632385
16.667978,39.76457
-57.733345,48.43826
109.95193,29.051731
23.192747,68.47667
87.6596,73.699776
-12.218683,68.40372
8.006335,68.472206
5.864508,50.557346
-2.141326,68.40458
31.184574,25.387573
34.789345,21.843798
102.84442,21.885994
113.695465,32.743793
120.81232,39.829746
114.38196,68.50864
131.60309,67.198875
68.837585,-7.247896
-57.655777,48.06729
142.92041,61.330032
2.234054,54.19893
-1.4329087,57.711838
76.63293,114.02727
5.805419,50.534744
99.132164,18.190048
100.39211,13.447468
54.177013,88.345276
55.72561,93.96076
-57.508102,47.981155
131.64062,50.611343
33.324795,68.50669
68.56158,-7.116681
-8.592869,64.95173
1.8784025,52.70804
2.209198,54.179348
2.9131255,68.50536
-12.847994,66.43873
99.166916,18.250317
-8.625195,64.93504
8.524608,67.796814
2.2055907,54.162735
-1.4187626,57.715904
30.80404,-10.240354
49.882954,73.648834
25.91975,-30.102308
104.26352,-1.0539808
3.029928,68.12045
128.13516,47.08519
-57.474567,45.887
120.87919,39.89004
64.94211,-10.74149
5.851956,50.539562
34.599815,4.010833
117.17237,36.24634
13.074987,43.35709
2.2275918,54.18443
119.42038,68.51673
8.123131,68.411095
-4.993029,61.303665
-8.629683,64.912
87.605736,73.79323
115.21662,67.77989
110.02189,29.109037
149.65999,63.020992
125.0297,68.03958
-12.310278,67.451416
-12.387488,65.416084
124.487335,43.45553
140.44122,67.87605
106.330826,25.427328
-5.0057592,61.39164
2.9051526,68.41531
64.126724,111.74449
38.312862,18.042439
-12.240338,68.48112
149.25394,68.5257
48.45806,68.501236
149.4987,68.53687
-7.183588,68.5382
-1.3744841,57.766327
13.128699,68.57356
149.29482,62.893726
109.24762,68.591896
-5.0119753,61.313606
31.124065,25.449284
38.33539,18.092405
38.424774,18.281122
52.620964,83.58611
100.02333,19.25812
149.26646,57.569267
113.58452,32.663567
135.9085,54.28799
146.28377,65.04473
149.25946,63.103775
-57.605274,46.561966
-1.5437852,56.648357
5.8487997,50.571754
131.86394,50.625412
23.972229,32.59473
28.263735,68.378716
33.29529,-0.88806707
20.290533,36.200184
13.051958,43.37095
2.2515328,54.197365
36.497726,-33.630894
48.49116,68.76415
124.45436,43.435913
-6.0981026,57.378525
2.1958601,54.11084
-57.67181,46.47662
112.72634,-34.138767
110.02507,29.101463
-1.3794943,57.785187
102.98641,4.1539826
113.65714,32.690445
2.2092586,54.155163
89.04653,68.59888
-57.73379,45.76476
106.43398,25.507578
102.75235,21.85991
107.86766,-15.00114
5.8181853,50.502007
104.124084,-0.7790436
128.0882,47.023117
9.474092,46.99131
149.38812,54.998554
149.34975,56.878696
149.59427,51.744457
20.340551,36.21398
13.086051,43.38092
110.3477,-24.411324
20.294022,36.169018
38.414433,68.63216
-5.0412297,61.275898
117.25056,36.283867
104.15739,68.581474
94.04895,68.639175
-57.557377,48.98624
