-3.628235294117644,297.2870588235294
512.3717647058824,-312.7129411764706
345.37176470588236,-432.7129411764706
-355.62823529411764,-111.71294117647062
33.371764705882356,-398.7129411764706
82.37176470588236,-424.7129411764706
-93.62823529411764,-500.7129411764706
-190.62823529411764,295.2870588235294
246.37176470588236,507.2870588235294
263.37176470588236,492.2870588235294
39.371764705882356,-365.7129411764706
43.371764705882356,-172.71294117647062
-254.62823529411764,-373.7129411764706
452.37176470588236,135.28705882352938
41.371764705882356,-465.7129411764706
148.37176470588236,608.2870588235294
-375.62823529411764,-500.7129411764706
-255.62823529411764,-356.7129411764706
377.37176470588236,-292.7129411764706
488.37176470588236,-340.7129411764706
-387.62823529411764,431.2870588235294
-214.62823529411764,271.2870588235294
102.37176470588236,-413.7129411764706
-215.62823529411764,624.2870588235294
-369.62823529411764,-65.71294117647062
377.37176470588236,-286.7129411764706
-33.628235294117644,666.2870588235294
-150.62823529411764,-356.7129411764706
-263.62823529411764,-339.7129411764706
-405.62823529411764,-39.71294117647062
383.37176470588236,-206.71294117647062
41.371764705882356,-258.7129411764706
373.37176470588236,420.2870588235294
-50.628235294117644,-507.7129411764706
29.371764705882356,-428.7129411764706
93.37176470588236,390.2870588235294
324.37176470588236,405.2870588235294
408.37176470588236,-411.7129411764706
-248.62823529411764,595.2870588235294
476.37176470588236,384.2870588235294
43.371764705882356,-252.71294117647062
377.37176470588236,-427.7129411764706
450.37176470588236,-174.71294117647062
129.37176470588236,611.2870588235294
438.37176470588236,116.28705882352938
-361.62823529411764,469.2870588235294
-280.62823529411764,569.2870588235294
-359.62823529411764,-192.71294117647062
-234.62823529411764,603.2870588235294
380.37176470588236,414.2870588235294
-405.62823529411764,228.28705882352938
219.37176470588236,542.2870588235294
-406.62823529411764,296.2870588235294
110.37176470588236,-429.7129411764706
48.371764705882356,-213.71294117647062
352.37176470588236,391.2870588235294
32.371764705882356,-489.7129411764706
472.37176470588236,336.2870588235294
-365.62823529411764,-102.71294117647062
354.37176470588236,-252.71294117647062
-456.62823529411764,200.28705882352938
72.37176470588236,385.2870588235294
-359.62823529411764,-167.71294117647062
90.37176470588236,371.2870588235294
111.37176470588236,631.2870588235294
20.371764705882356,-52.71294117647062
247.37176470588236,-453.7129411764706
-6.628235294117644,276.2870588235294
1.3717647058823559,286.2870588235294
-97.62823529411764,283.2870588235294
127.37176470588236,620.2870588235294
-88.62823529411764,659.2870588235294
-220.62823529411764,294.2870588235294
219.37176470588236,527.2870588235294
477.37176470588236,-350.7129411764706
-11.628235294117644,287.2870588235294
46.371764705882356,-242.71294117647062
-368.62823529411764,-119.71294117647062
417.37176470588236,34.28705882352938
-189.62823529411764,305.2870588235294
-418.62823529411764,274.2870588235294
454.37176470588236,404.2870588235294
110.37176470588236,365.2870588235294
269.37176470588236,475.2870588235294
382.37176470588236,426.2870588235294
519.3717647058824,-262.7129411764706
-31.628235294117644,-512.7129411764706
-360.62823529411764,-132.71294117647062
-428.62823529411764,-415.7129411764706
205.37176470588236,-421.7129411764706
90.37176470588236,339.2870588235294
-447.62823529411764,-440.7129411764706
-362.62823529411764,-59.71294117647062
357.37176470588236,403.2870588235294
-447.62823529411764,197.28705882352938
-313.62823529411764,535.2870588235294
258.37176470588236,-456.7129411764706
-215.62823529411764,317.2870588235294
429.37176470588236,98.28705882352938
-359.62823529411764,-100.71294117647062
-409.62823529411764,-347.7129411764706
-90.62823529411764,675.2870588235294
284.37176470588236,466.2870588235294
180.37176470588236,-427.7129411764706
-251.62823529411764,-361.7129411764706
421.37176470588236,-404.7129411764706
180.37176470588236,-323.7129411764706
26.371764705882356,-479.7129411764706
-229.62823529411764,276.2870588235294
-143.62823529411764,-412.7129411764706
-216.62823529411764,280.2870588235294
-250.62823529411764,-286.7129411764706
-402.62823529411764,-474.7129411764706
98.37176470588236,344.2870588235294
485.37176470588236,-335.7129411764706
-391.62823529411764,-333.7129411764706
263.37176470588236,471.2870588235294
54.371764705882356,-471.7129411764706
108.37176470588236,331.2870588235294
373.37176470588236,-190.71294117647062
41.371764705882356,-392.7129411764706
238.37176470588236,507.2870588235294
490.37176470588236,257.2870588235294
-329.62823529411764,-479.7129411764706
27.371764705882356,-412.7129411764706
32.371764705882356,-79.71294117647062
372.37176470588236,419.2870588235294
530.3717647058824,-292.7129411764706
33.371764705882356,-400.7129411764706
-152.62823529411764,654.2870588235294
86.37176470588236,388.2870588235294
-152.62823529411764,-350.7129411764706
-83.62823529411764,-512.7129411764706
414.37176470588236,0.28705882352937806
-369.62823529411764,-238.71294117647062
412.37176470588236,-65.71294117647062
-178.62823529411764,-428.7129411764706
223.37176470588236,534.2870588235294
-423.62823529411764,-367.7129411764706
168.37176470588236,596.2870588235294
-300.62823529411764,569.2870588235294
-409.62823529411764,-351.7129411764706
-187.62823529411764,306.2870588235294
-6.628235294117644,287.2870588235294
328.37176470588236,-436.7129411764706
-7.628235294117644,-507.7129411764706
-384.62823529411764,418.2870588235294
-265.62823529411764,-412.7129411764706
-40.628235294117644,-511.7129411764706
-85.62823529411764,273.2870588235294
26.371764705882356,-436.7129411764706
-358.62823529411764,-129.71294117647062
471.37176470588236,-205.71294117647062
35.371764705882356,-148.71294117647062
-181.62823529411764,639.2870588235294
41.371764705882356,-394.7129411764706
-136.62823529411764,-462.7129411764706
-253.62823529411764,-374.7129411764706
-373.62823529411764,-53.71294117647062
-416.62823529411764,341.2870588235294
477.37176470588236,330.2870588235294
-78.62823529411764,666.2870588235294
-149.62823529411764,-430.7129411764706
-409.62823529411764,-26.712941176470622
-172.62823529411764,-435.7129411764706
227.37176470588236,529.2870588235294
-412.62823529411764,187.28705882352938
283.37176470588236,-448.7129411764706
400.37176470588236,43.28705882352938
-353.62823529411764,-500.7129411764706
-180.62823529411764,319.2870588235294
155.37176470588236,-283.7129411764706
-175.62823529411764,-437.7129411764706
167.37176470588236,-319.7129411764706
-454.62823529411764,15.287058823529378
33.371764705882356,-342.7129411764706
-365.62823529411764,-233.71294117647062
-401.62823529411764,192.28705882352938
191.37176470588236,-366.7129411764706
442.37176470588236,103.28705882352938
-182.62823529411764,636.2870588235294
131.37176470588236,610.2870588235294
264.37176470588236,481.2870588235294
-250.62823529411764,-294.7129411764706
-381.62823529411764,418.2870588235294
43.371764705882356,-239.71294117647062
14.371764705882356,-482.7129411764706
-121.62823529411764,652.2870588235294
-95.62823529411764,662.2870588235294
-465.62823529411764,200.28705882352938
-430.62823529411764,-438.7129411764706
436.37176470588236,86.28705882352938
-76.62823529411764,673.2870588235294
-363.62823529411764,-157.71294117647062
481.37176470588236,226.28705882352938
158.37176470588236,-280.7129411764706
-295.62823529411764,-465.7129411764706
-175.62823529411764,271.2870588235294
366.37176470588236,-263.7129411764706
465.37176470588236,163.28705882352938
110.37176470588236,626.2870588235294
-219.62823529411764,315.2870588235294
475.37176470588236,-361.7129411764706
223.37176470588236,-442.7129411764706
-179.62823529411764,285.2870588235294
-229.62823529411764,620.2870588235294
17.371764705882356,-44.71294117647062
-192.62823529411764,628.2870588235294
-418.62823529411764,236.28705882352938
-249.62823529411764,-333.7129411764706
475.37176470588236,208.28705882352938
-149.62823529411764,-384.7129411764706
357.37176470588236,385.2870588235294
-484.62823529411764,96.28705882352938
14.371764705882356,-478.7129411764706
166.37176470588236,-315.7129411764706
-52.628235294117644,673.2870588235294
72.37176470588236,640.2870588235294
471.37176470588236,166.28705882352938
397.37176470588236,57.28705882352938
505.37176470588236,-255.71294117647062
418.37176470588236,-95.71294117647062
429.37176470588236,96.28705882352938
165.37176470588236,-418.7129411764706
-419.62823529411764,-373.7129411764706
-196.62823529411764,274.2870588235294
398.37176470588236,427.2870588235294
-144.62823529411764,647.2870588235294
1.3717647058823559,292.2870588235294
361.37176470588236,392.2870588235294
-213.62823529411764,259.2870588235294
332.37176470588236,370.2870588235294
192.37176470588236,566.2870588235294
20.371764705882356,-37.71294117647062
37.371764705882356,-405.7129411764706
24.371764705882356,-439.7129411764706
43.371764705882356,-346.7129411764706
82.37176470588236,352.2870588235294
-171.62823529411764,297.2870588235294
280.37176470588236,462.2870588235294
171.37176470588236,-342.7129411764706
-19.628235294117644,272.2870588235294
37.371764705882356,-266.7129411764706
413.37176470588236,17.287058823529378
-27.628235294117644,261.2870588235294
525.3717647058824,-257.7129411764706
-138.62823529411764,-418.7129411764706
-161.62823529411764,285.2870588235294
-213.62823529411764,629.2870588235294
83.37176470588236,319.2870588235294
-149.62823529411764,-352.7129411764706
381.37176470588236,-214.71294117647062
-372.62823529411764,-286.7129411764706
-82.62823529411764,265.2870588235294
25.371764705882356,-20.712941176470622
-454.62823529411764,208.28705882352938
-144.62823529411764,-379.7129411764706
-437.62823529411764,-452.7129411764706
-423.62823529411764,181.28705882352938
-213.62823529411764,287.2870588235294
-412.62823529411764,-483.7129411764706
-24.628235294117644,-519.7129411764706
161.37176470588236,-288.7129411764706
-164.62823529411764,296.2870588235294
-367.62823529411764,-250.71294117647062
-2.628235294117644,291.2870588235294
-382.62823529411764,-54.71294117647062
483.37176470588236,303.2870588235294
447.37176470588236,102.28705882352938
-356.62823529411764,-173.71294117647062
-85.62823529411764,-498.7129411764706
-187.62823529411764,298.2870588235294
432.37176470588236,-279.7129411764706
-224.62823529411764,279.2870588235294
-428.62823529411764,183.28705882352938
41.371764705882356,-481.7129411764706
412.37176470588236,-79.71294117647062
26.371764705882356,-122.71294117647062
480.37176470588236,227.28705882352938
-477.62823529411764,204.28705882352938
71.37176470588236,382.2870588235294
-252.62823529411764,-313.7129411764706
167.37176470588236,-283.7129411764706
-402.62823529411764,333.2870588235294
76.37176470588236,-435.7129411764706
183.37176470588236,584.2870588235294
-412.62823529411764,183.28705882352938
40.371764705882356,-408.7129411764706
-414.62823529411764,228.28705882352938
-61.628235294117644,671.2870588235294
167.37176470588236,-326.7129411764706
-400.62823529411764,368.2870588235294
-359.62823529411764,-215.71294117647062
-268.62823529411764,-437.7129411764706
420.37176470588236,64.28705882352938
-366.62823529411764,-91.71294117647062
-174.62823529411764,-434.7129411764706
442.37176470588236,-394.7129411764706
199.37176470588236,563.2870588235294
150.37176470588236,590.2870588235294
77.37176470588236,-446.7129411764706
-451.62823529411764,30.287058823529378
-231.62823529411764,-421.7129411764706
53.371764705882356,642.2870588235294
-264.62823529411764,-379.7129411764706
-379.62823529411764,-278.7129411764706
179.37176470588236,-325.7129411764706
-211.62823529411764,322.2870588235294
442.37176470588236,-381.7129411764706
-434.62823529411764,0.28705882352937806
350.37176470588236,396.2870588235294
-60.628235294117644,253.28705882352938
-355.62823529411764,-145.71294117647062
34.371764705882356,-173.71294117647062
162.37176470588236,-294.7129411764706
147.37176470588236,-422.7129411764706
-408.62823529411764,-23.712941176470622
-229.62823529411764,623.2870588235294
402.37176470588236,70.28705882352938
28.371764705882356,-108.71294117647062
433.37176470588236,-149.71294117647062
-321.62823529411764,523.2870588235294
399.37176470588236,-424.7129411764706
411.37176470588236,-35.71294117647062
396.37176470588236,9.287058823529378
-163.62823529411764,291.2870588235294
89.37176470588236,391.2870588235294
-91.62823529411764,-500.7129411764706
14.371764705882356,665.2870588235294
353.37176470588236,-240.71294117647062
-422.62823529411764,-9.712941176470622
200.37176470588236,565.2870588235294
-412.62823529411764,261.2870588235294
-470.62823529411764,61.28705882352938
46.371764705882356,-195.71294117647062
316.37176470588236,-453.7129411764706
494.37176470588236,-250.71294117647062
-204.62823529411764,627.2870588235294
80.37176470588236,367.2870588235294
187.37176470588236,-422.7129411764706
-301.62823529411764,-468.7129411764706
-123.62823529411764,-465.7129411764706
29.371764705882356,-125.71294117647062
-491.62823529411764,116.28705882352938
29.371764705882356,-98.71294117647062
2.371764705882356,303.2870588235294
-447.62823529411764,2.287058823529378
-390.62823529411764,-320.7129411764706
219.37176470588236,525.2870588235294
308.37176470588236,-439.7129411764706
-185.62823529411764,639.2870588235294
-404.62823529411764,356.2870588235294
172.37176470588236,-308.7129411764706
-221.62823529411764,613.2870588235294
-408.62823529411764,-365.7129411764706
-434.62823529411764,-384.7129411764706
-347.62823529411764,-149.71294117647062
-258.62823529411764,604.2870588235294
-375.62823529411764,-77.71294117647062
69.37176470588236,358.2870588235294
69.37176470588236,-446.7129411764706
24.371764705882356,-33.71294117647062
42.371764705882356,-377.7129411764706
21.371764705882356,-496.7129411764706
19.371764705882356,-31.712941176470622
28.371764705882356,-442.7129411764706
-372.62823529411764,-291.7129411764706
163.37176470588236,-424.7129411764706
397.37176470588236,-415.7129411764706
153.37176470588236,596.2870588235294
506.37176470588236,-315.7129411764706
91.37176470588236,-419.7129411764706
65.37176470588236,655.2870588235294
458.37176470588236,-379.7129411764706
420.37176470588236,-69.71294117647062
469.37176470588236,372.2870588235294
-496.62823529411764,144.28705882352938
-412.62823529411764,285.2870588235294
-422.62823529411764,234.28705882352938
164.37176470588236,-410.7129411764706
238.37176470588236,-433.7129411764706
26.371764705882356,-448.7129411764706
236.37176470588236,507.2870588235294
50.371764705882356,350.2870588235294
92.37176470588236,336.2870588235294
-471.62823529411764,206.28705882352938
404.37176470588236,-254.71294117647062
42.371764705882356,-191.71294117647062
19.371764705882356,-37.71294117647062
28.371764705882356,-434.7129411764706
-162.62823529411764,275.2870588235294
-123.62823529411764,-482.7129411764706
357.37176470588236,408.2870588235294
-419.62823529411764,282.2870588235294
-412.62823529411764,359.2870588235294
479.37176470588236,367.2870588235294
12.371764705882356,-473.7129411764706
-326.62823529411764,527.2870588235294
-191.62823529411764,286.2870588235294
-85.62823529411764,-505.7129411764706
50.371764705882356,648.2870588235294
54.371764705882356,661.2870588235294
454.37176470588236,419.2870588235294
-405.62823529411764,241.28705882352938
-389.62823529411764,424.2870588235294
42.371764705882356,-335.7129411764706
483.37176470588236,276.2870588235294
-223.62823529411764,626.2870588235294
418.37176470588236,429.2870588235294
106.37176470588236,616.2870588235294
461.37176470588236,-213.71294117647062
-413.62823529411764,317.2870588235294
-161.62823529411764,292.2870588235294
474.37176470588236,170.28705882352938
-490.62823529411764,102.28705882352938
-253.62823529411764,586.2870588235294
312.37176470588236,420.2870588235294
-248.62823529411764,-193.71294117647062
-367.62823529411764,-225.71294117647062
-413.62823529411764,334.2870588235294
378.37176470588236,-291.7129411764706
310.37176470588236,424.2870588235294
-205.62823529411764,262.2870588235294
198.37176470588236,-382.7129411764706
9.371764705882356,-500.7129411764706
483.37176470588236,206.28705882352938
-452.62823529411764,194.28705882352938
-372.62823529411764,467.2870588235294
-426.62823529411764,-468.7129411764706
-419.62823529411764,-23.712941176470622
-414.62823529411764,-378.7129411764706
109.37176470588236,614.2870588235294
114.37176470588236,619.2870588235294
-386.62823529411764,-304.7129411764706
234.37176470588236,526.2870588235294
461.37176470588236,138.28705882352938
37.371764705882356,-464.7129411764706
449.37176470588236,118.28705882352938
-136.62823529411764,-438.7129411764706
297.37176470588236,438.2870588235294
22.371764705882356,-490.7129411764706
-297.62823529411764,-463.7129411764706
487.37176470588236,-354.7129411764706
30.371764705882356,-108.71294117647062
-263.62823529411764,-344.7129411764706
-451.62823529411764,35.28705882352938
-191.62823529411764,261.2870588235294
417.37176470588236,55.28705882352938
-388.62823529411764,418.2870588235294
-121.62823529411764,-477.7129411764706
421.37176470588236,-268.7129411764706
434.37176470588236,-155.71294117647062
44.371764705882356,-284.7129411764706
428.37176470588236,64.28705882352938
-174.62823529411764,307.2870588235294
50.371764705882356,359.2870588235294
-245.62823529411764,-422.7129411764706
-103.62823529411764,-496.7129411764706
264.37176470588236,-451.7129411764706
-249.62823529411764,-270.7129411764706
206.37176470588236,-420.7129411764706
77.37176470588236,332.2870588235294
-192.62823529411764,314.2870588235294
-419.62823529411764,-382.7129411764706
316.37176470588236,413.2870588235294
431.37176470588236,437.2870588235294
-435.62823529411764,-441.7129411764706
453.37176470588236,125.28705882352938
34.371764705882356,-477.7129411764706
29.371764705882356,-132.71294117647062
-277.62823529411764,-459.7129411764706
241.37176470588236,513.2870588235294
490.37176470588236,-338.7129411764706
52.371764705882356,-453.7129411764706
110.37176470588236,-423.7129411764706
234.37176470588236,527.2870588235294
-260.62823529411764,-328.7129411764706
494.37176470588236,-243.71294117647062
-31.628235294117644,-520.7129411764706
-258.62823529411764,-354.7129411764706
193.37176470588236,-375.7129411764706
38.371764705882356,-351.7129411764706
-265.62823529411764,-388.7129411764706
500.37176470588236,-257.7129411764706
105.37176470588236,348.2870588235294
77.37176470588236,367.2870588235294
-447.62823529411764,-422.7129411764706
461.37176470588236,145.28705882352938
300.37176470588236,-455.7129411764706
418.37176470588236,-47.71294117647062
35.371764705882356,-373.7129411764706
-90.62823529411764,668.2870588235294
362.37176470588236,390.2870588235294
434.37176470588236,-388.7129411764706
-402.62823529411764,182.28705882352938
461.37176470588236,-363.7129411764706
-165.62823529411764,648.2870588235294
-498.62823529411764,143.28705882352938
-449.62823529411764,24.287058823529378
180.37176470588236,-348.7129411764706
-83.62823529411764,266.2870588235294
-366.62823529411764,-260.7129411764706
477.37176470588236,-362.7129411764706
34.371764705882356,-309.7129411764706
137.37176470588236,-417.7129411764706
444.37176470588236,101.28705882352938
90.37176470588236,361.2870588235294
-196.62823529411764,-422.7129411764706
-494.62823529411764,107.28705882352938
-415.62823529411764,324.2870588235294
-501.62823529411764,142.28705882352938
-276.62823529411764,573.2870588235294
-302.62823529411764,543.2870588235294
434.37176470588236,415.2870588235294
-360.62823529411764,477.2870588235294
47.371764705882356,-348.7129411764706
-136.62823529411764,645.2870588235294
-257.62823529411764,597.2870588235294
-67.62823529411764,666.2870588235294
395.37176470588236,42.28705882352938
-420.62823529411764,-30.712941176470622
380.37176470588236,415.2870588235294
55.371764705882356,-465.7129411764706
487.37176470588236,316.2870588235294
-364.62823529411764,-134.71294117647062
-32.628235294117644,663.2870588235294
183.37176470588236,-339.7129411764706
-48.628235294117644,660.2870588235294
-390.62823529411764,-59.71294117647062
17.371764705882356,-455.7129411764706
49.371764705882356,-252.71294117647062
-440.62823529411764,-444.7129411764706
490.37176470588236,287.2870588235294
-79.62823529411764,676.2870588235294
318.37176470588236,393.2870588235294
154.37176470588236,600.2870588235294
195.37176470588236,-423.7129411764706
-255.62823529411764,-329.7129411764706
-191.62823529411764,273.2870588235294
458.37176470588236,393.2870588235294
-279.62823529411764,-453.7129411764706
-36.628235294117644,664.2870588235294
-266.62823529411764,-404.7129411764706
-424.62823529411764,-457.7129411764706
-231.62823529411764,277.2870588235294
331.37176470588236,361.2870588235294
-270.62823529411764,578.2870588235294
-264.62823529411764,-424.7129411764706
177.37176470588236,-327.7129411764706
-493.62823529411764,98.28705882352938
-2.628235294117644,292.2870588235294
43.371764705882356,-275.7129411764706
154.37176470588236,-414.7129411764706
470.37176470588236,-218.71294117647062
-416.62823529411764,330.2870588235294
73.37176470588236,646.2870588235294
40.371764705882356,652.2870588235294
78.37176470588236,361.2870588235294
417.37176470588236,-57.71294117647062
509.37176470588236,-305.7129411764706
-192.62823529411764,250.28705882352938
270.37176470588236,-450.7129411764706
-195.62823529411764,261.2870588235294
158.37176470588236,-293.7129411764706
-368.62823529411764,-487.7129411764706
-404.62823529411764,-474.7129411764706
-127.62823529411764,661.2870588235294
-436.62823529411764,203.28705882352938
-359.62823529411764,-205.71294117647062
-360.62823529411764,-114.71294117647062
232.37176470588236,-435.7129411764706
36.371764705882356,-221.71294117647062
-473.62823529411764,83.28705882352938
-157.62823529411764,-382.7129411764706
-497.62823529411764,99.28705882352938
49.371764705882356,-261.7129411764706
273.37176470588236,475.2870588235294
163.37176470588236,-282.7129411764706
-186.62823529411764,322.2870588235294
442.37176470588236,-391.7129411764706
-208.62823529411764,306.2870588235294
-328.62823529411764,-488.7129411764706
-494.62823529411764,103.28705882352938
-374.62823529411764,-78.71294117647062
332.37176470588236,-442.7129411764706
421.37176470588236,-397.7129411764706
-430.62823529411764,-471.7129411764706
168.37176470588236,-408.7129411764706
-248.62823529411764,607.2870588235294
-405.62823529411764,262.2870588235294
-405.62823529411764,360.2870588235294
421.37176470588236,-406.7129411764706
-217.62823529411764,-412.7129411764706
421.37176470588236,-110.71294117647062
-481.62823529411764,61.28705882352938
-370.62823529411764,-78.71294117647062
389.37176470588236,-225.71294117647062
-213.62823529411764,309.2870588235294
-75.62823529411764,665.2870588235294
-431.62823529411764,183.28705882352938
-361.62823529411764,-53.71294117647062
40.371764705882356,-152.71294117647062
-404.62823529411764,193.28705882352938
-413.62823529411764,280.2870588235294
440.37176470588236,-391.7129411764706
44.371764705882356,-324.7129411764706
-352.62823529411764,-167.71294117647062
458.37176470588236,385.2870588235294
-411.62823529411764,-39.71294117647062
26.371764705882356,-439.7129411764706
419.37176470588236,-34.71294117647062
501.37176470588236,-250.71294117647062
-419.62823529411764,246.28705882352938
300.37176470588236,432.2870588235294
132.37176470588236,-419.7129411764706
-244.62823529411764,-426.7129411764706
42.371764705882356,-189.71294117647062
358.37176470588236,-439.7129411764706
200.37176470588236,-395.7129411764706
521.3717647058824,-267.7129411764706
181.37176470588236,-341.7129411764706
57.371764705882356,648.2870588235294
374.37176470588236,-426.7129411764706
498.37176470588236,-328.7129411764706
353.37176470588236,-236.71294117647062
-371.62823529411764,-492.7129411764706
-156.62823529411764,-337.7129411764706
34.371764705882356,-379.7129411764706
402.37176470588236,57.28705882352938
-401.62823529411764,406.2870588235294
92.37176470588236,-432.7129411764706
154.37176470588236,-280.7129411764706
-256.62823529411764,584.2870588235294
-411.62823529411764,323.2870588235294
178.37176470588236,-328.7129411764706
-251.62823529411764,-294.7129411764706
-252.62823529411764,607.2870588235294
-357.62823529411764,-230.71294117647062
-498.62823529411764,149.28705882352938
97.37176470588236,-425.7129411764706
456.37176470588236,-383.7129411764706
500.37176470588236,-234.71294117647062
344.37176470588236,-438.7129411764706
-393.62823529411764,-336.7129411764706
-205.62823529411764,621.2870588235294
83.37176470588236,322.2870588235294
-266.62823529411764,-440.7129411764706
-440.62823529411764,5.287058823529378
116.37176470588236,-427.7129411764706
-249.62823529411764,-237.71294117647062
422.37176470588236,-77.71294117647062
-119.62823529411764,-474.7129411764706
474.37176470588236,325.2870588235294
-388.62823529411764,-60.71294117647062
-110.62823529411764,-478.7129411764706
16.371764705882356,-5.712941176470622
121.37176470588236,350.2870588235294
-367.62823529411764,458.2870588235294
412.37176470588236,-57.71294117647062
-158.62823529411764,-370.7129411764706
534.3717647058824,-271.7129411764706
106.37176470588236,380.2870588235294
491.37176470588236,-328.7129411764706
-191.62823529411764,306.2870588235294
-418.62823529411764,-474.7129411764706
33.371764705882356,-434.7129411764706
460.37176470588236,407.2870588235294
279.37176470588236,456.2870588235294
200.37176470588236,-391.7129411764706
-382.62823529411764,-53.71294117647062
-208.62823529411764,322.2870588235294
-357.62823529411764,470.2870588235294
-250.62823529411764,-213.71294117647062
56.371764705882356,366.2870588235294
143.37176470588236,594.2870588235294
-2.628235294117644,674.2870588235294
-207.62823529411764,273.2870588235294
-390.62823529411764,-65.71294117647062
58.371764705882356,331.2870588235294
-366.62823529411764,-494.7129411764706
-82.62823529411764,-496.7129411764706
-387.62823529411764,-59.71294117647062
400.37176470588236,-14.712941176470622
-254.62823529411764,-358.7129411764706
-400.62823529411764,378.2870588235294
-95.62823529411764,276.2870588235294
409.37176470588236,429.2870588235294
88.37176470588236,354.2870588235294
500.37176470588236,-330.7129411764706
479.37176470588236,346.2870588235294
346.37176470588236,-231.71294117647062
-24.628235294117644,666.2870588235294
480.37176470588236,-350.7129411764706
-10.628235294117644,276.2870588235294
-406.62823529411764,-38.71294117647062
231.37176470588236,532.2870588235294
357.37176470588236,394.2870588235294
485.37176470588236,341.2870588235294
-474.62823529411764,58.28705882352938
109.37176470588236,379.2870588235294
354.37176470588236,380.2870588235294
505.37176470588236,-331.7129411764706
-416.62823529411764,228.28705882352938
-405.62823529411764,326.2870588235294
399.37176470588236,91.28705882352938
-303.62823529411764,553.2870588235294
61.371764705882356,653.2870588235294
-407.62823529411764,177.28705882352938
106.37176470588236,330.2870588235294
9.371764705882356,-482.7129411764706
280.37176470588236,-451.7129411764706
-401.62823529411764,-335.7129411764706
33.371764705882356,-358.7129411764706
380.37176470588236,-222.71294117647062
-356.62823529411764,-144.71294117647062
374.37176470588236,-288.7129411764706
137.37176470588236,-421.7129411764706
242.37176470588236,524.2870588235294
363.37176470588236,-443.7129411764706
-261.62823529411764,-415.7129411764706
-259.62823529411764,-354.7129411764706
-394.62823529411764,421.2870588235294
-279.62823529411764,584.2870588235294
46.371764705882356,-282.7129411764706
423.37176470588236,431.2870588235294
-253.62823529411764,-362.7129411764706
-406.62823529411764,236.28705882352938
405.37176470588236,-245.71294117647062
-406.62823529411764,-368.7129411764706
35.371764705882356,-400.7129411764706
73.37176470588236,333.2870588235294
431.37176470588236,-406.7129411764706
68.37176470588236,-438.7129411764706
35.371764705882356,-320.7129411764706
418.37176470588236,431.2870588235294
417.37176470588236,-85.71294117647062
-255.62823529411764,-361.7129411764706
425.37176470588236,89.28705882352938
-56.628235294117644,676.2870588235294
-427.62823529411764,-18.712941176470622
476.37176470588236,-358.7129411764706
473.37176470588236,361.2870588235294
98.37176470588236,-428.7129411764706
401.37176470588236,-407.7129411764706
-326.62823529411764,516.2870588235294
45.371764705882356,-263.7129411764706
437.37176470588236,-144.71294117647062
42.371764705882356,-295.7129411764706
178.37176470588236,-362.7129411764706
150.37176470588236,-408.7129411764706
176.37176470588236,-423.7129411764706
179.37176470588236,-318.7129411764706
46.371764705882356,-459.7129411764706
-357.62823529411764,-99.71294117647062
402.37176470588236,77.28705882352938
473.37176470588236,-353.7129411764706
399.37176470588236,18.287058823529378
139.37176470588236,-420.7129411764706
-87.62823529411764,-500.7129411764706
-164.62823529411764,281.2870588235294
-379.62823529411764,-77.71294117647062
-356.62823529411764,-179.71294117647062
-250.62823529411764,-264.7129411764706
-429.62823529411764,-445.7129411764706
70.37176470588236,637.2870588235294
-324.62823529411764,520.2870588235294
69.37176470588236,336.2870588235294
-220.62823529411764,620.2870588235294
206.37176470588236,543.2870588235294
-409.62823529411764,-468.7129411764706
-374.62823529411764,-285.7129411764706
107.37176470588236,378.2870588235294
36.371764705882356,-359.7129411764706
392.37176470588236,-230.71294117647062
-491.62823529411764,170.28705882352938
-78.62823529411764,256.2870588235294
-182.62823529411764,291.2870588235294
-490.62823529411764,94.28705882352938
-392.62823529411764,399.2870588235294
-196.62823529411764,277.2870588235294
36.371764705882356,-392.7129411764706
-403.62823529411764,231.28705882352938
440.37176470588236,-377.7129411764706
196.37176470588236,560.2870588235294
64.37176470588236,-452.7129411764706
-226.62823529411764,-415.7129411764706
-421.62823529411764,-8.712941176470622
-356.62823529411764,-135.71294117647062
16.371764705882356,-490.7129411764706
353.37176470588236,-447.7129411764706
-354.62823529411764,-121.71294117647062
85.37176470588236,330.2870588235294
-17.628235294117644,-517.7129411764706
43.371764705882356,-301.7129411764706
-254.62823529411764,-195.71294117647062
-348.62823529411764,-141.71294117647062
68.37176470588236,635.2870588235294
181.37176470588236,-326.7129411764706
110.37176470588236,352.2870588235294
199.37176470588236,-410.7129411764706
282.37176470588236,449.2870588235294
-189.62823529411764,-429.7129411764706
505.37176470588236,-317.7129411764706
-464.62823529411764,28.287058823529378
-171.62823529411764,260.2870588235294
365.37176470588236,-269.7129411764706
97.37176470588236,333.2870588235294
-189.62823529411764,260.2870588235294
153.37176470588236,-424.7129411764706
-413.62823529411764,286.2870588235294
411.37176470588236,18.287058823529378
398.37176470588236,21.287058823529378
378.37176470588236,-195.71294117647062
351.37176470588236,-435.7129411764706
-365.62823529411764,-235.71294117647062
360.37176470588236,388.2870588235294
5.371764705882356,671.2870588235294
-375.62823529411764,-71.71294117647062
490.37176470588236,321.2870588235294
-361.62823529411764,-249.71294117647062
175.37176470588236,590.2870588235294
512.3717647058824,-260.7129411764706
396.37176470588236,77.28705882352938
-48.628235294117644,-517.7129411764706
-232.62823529411764,-418.7129411764706
24.371764705882356,-14.712941176470622
371.37176470588236,-280.7129411764706
476.37176470588236,182.28705882352938
402.37176470588236,24.287058823529378
396.37176470588236,68.28705882352938
-55.628235294117644,-517.7129411764706
-380.62823529411764,420.2870588235294
323.37176470588236,373.2870588235294
199.37176470588236,553.2870588235294
257.37176470588236,501.2870588235294
454.37176470588236,-371.7129411764706
-432.62823529411764,-418.7129411764706
437.37176470588236,423.2870588235294
-355.62823529411764,-203.71294117647062
445.37176470588236,-147.71294117647062
424.37176470588236,79.28705882352938
-185.62823529411764,289.2870588235294
-439.62823529411764,13.287058823529378
38.371764705882356,-271.7129411764706
294.37176470588236,-453.7129411764706
433.37176470588236,78.28705882352938
29.371764705882356,-118.71294117647062
-440.62823529411764,-406.7129411764706
-429.62823529411764,2.287058823529378
-203.62823529411764,-427.7129411764706
